ID;Number_Of_Tokens;Metric.Architecture_Violations;Metric.Clone;Metric.Dead_Code;Metric.Cycle;Metric.Metric;Metric.Style;Metric.Universal;Metric.Complexity
fs/9p/acl.c;1496;0;0;0;0;0;0;0;0
fs/9p/cache.c;1374;0.0208252188638027;0.0190986660950661;0.0153983559202879;0.0227492481022024;0.0173376248536436;0.0134236469330322;0.0217377710170988;0.0118278403693501
fs/9p/fid.c;1016;0;0;0;0;0;0;0;0
fs/9p/v9fs.c;2844;0;0;0;0;0;0;0;0
fs/9p/vfs_addr.c;1231;0;0;0;0;0;0;0;0
fs/9p/vfs_dentry.c;338;0;0;0;0;0;0;0;0
fs/9p/vfs_dir.c;833;0;0;0;0;0;0;0;0
fs/9p/vfs_file.c;2844;0;0;0;0;0;0;0;0
fs/9p/vfs_inode.c;5803;0;0;0;0;0;0;0;0
fs/9p/vfs_inode_dotl.c;4412;0;0;0;0;0;0;0;0
fs/9p/vfs_super.c;1417;0;0;0;0;0;0;0;0
fs/9p/xattr.c;734;0;0;0;0;0;0;0;0
fs/adfs/dir.c;1187;0;0;0;0;0;0;0;0
fs/adfs/dir_f.c;2394;0.041463788974832;0.0396785014225596;0.0358523121428585;0.0434532708555604;0.037857552150531;0.0337941365215359;0.0424073848090161;0.0320766940502918
fs/adfs/dir_fplus.c;1395;0.0237987837499371;0.0227835371657122;0.0206076828660112;0.024930150336354;0.0217480106892514;0.0195674257362371;0.0243353821518724;0.0191289497176794
fs/adfs/file.c;53;0;0;0;0;0;0.000301952687627433;0;0.00155034187910191
fs/adfs/inode.c;1514;0.0263265258876534;0.0253379493169355;0.0232192536075357;0.0274281720469248;0.0243296255964783;0.0222133036158695;0.0268490281213771;0.0218152046155111
fs/adfs/map.c;970;0.0167981656449576;0.0162543572861334;0.0150888790918244;0.0174041727137304;0.0156996861723045;0.014670665220677;0.017085590100098;0.0150104424846895
fs/adfs/super.c;2855;0.0507069716918469;0.0488714754466803;0.0449376799932538;0.0527524049427851;0.0469993145462175;0.0428106902003585;0.0516771048272039;0.0409997545695804
fs/affs/amigaffs.c;2357;0;0;0;0;0;0;0;0
fs/affs/bitmap.c;1795;0;0;0;0;0;0;0;0
fs/affs/dir.c;680;0;0;0;0;0;0;0;0
fs/affs/file.c;5530;0;0;0;0;0;0;0;0
fs/affs/inode.c;2475;0;0;0;0;0;0;0;0
fs/affs/namei.c;2795;0;0;0;0;0;0;0;0
fs/affs/super.c;3386;0;0;0;0;0;0;0;0
fs/affs/symlink.c;380;0;0;0;0;0;0;0;0
fs/afs/addr_list.c;1973;0;0;0;0;0;0;0;0
fs/afs/cache.c;237;0;0;0;0;0;0;0;0
fs/afs/callback.c;1445;0;0;0;0;0;0;0;0
fs/afs/cell.c;3516;0;0;0;0;0;0;0;0
fs/afs/cmservice.c;3362;0;0;0;0;0;0;0;0
fs/afs/dir.c;8221;0;0;0;0;0;0;0;0
fs/afs/dir_edit.c;2810;0;0;0;0;0;0;0;0
fs/afs/dynroot.c;1224;0;0;0;0;0;0;0;0
fs/afs/file.c;2828;0;0;0;0;0;0;0;0
fs/afs/flock.c;2996;0;0;0;0;0;0;0;0
fs/afs/fs_probe.c;1369;0;0;0;0;0;0;0;0
fs/afs/fsclient.c;12595;0;0;0;0;0;0;0;0
fs/afs/inode.c;2702;0;0;0;0;0;0;0;0
fs/afs/main.c;1014;0;0;0;0;0;0;0;0
fs/afs/misc.c;611;0;0;0;0;0;0;0;0
fs/afs/mntpt.c;933;0.0211327109919883;0.022012120256412;0.0238968509798884;0.0201527182759192;0.0229090960168878;0.02534882364198;0.0206679080433557;0.0280062630666411
fs/afs/netdevices.c;167;0.00763438330742829;0.00911726529334168;0.0122953455697328;0.00598189497943981;0.0106297683460382;0.0145449455311751;0.00685062090303941;0.018204265663737
fs/afs/proc.c;3248;0.0629309418789549;0.0622671333052074;0.0608444732718622;0.063670674326012;0.0615900649317718;0.060254532221993;0.063281791244418;0.0603408452504774
fs/afs/rotate.c;2793;0.0549941451602496;0.0547114800175217;0.0541056782588784;0.055309140455576;0.0544231685434273;0.054019327766843;0.0551435449870772;0.0547376774404454
fs/afs/rxrpc.c;4421;0;0;0;0;0;0;0;0
fs/afs/security.c;1832;0.0382085321753837;0.0387246130387916;0.0398306662706739;0.0376334239663818;0.0392510027911507;0.0407997151380917;0.0379357628099143;0.0428427877713896
fs/afs/server.c;2748;0.054788966820623;0.0547060835355192;0.0545284498895964;0.0548813299773142;0.0546215446288982;0.0547048694671957;0.0548327739498711;0.0557495729254344
fs/afs/server_list.c;729;0.0188835706466228;0.0202999112114936;0.023335381368005;0.0173052344916631;0.0217445436558654;0.0254940843128676;0.0181349780430969;0.0290307476129839
fs/afs/super.c;3151;0;0;0;0;0;0;0;0
fs/afs/vl_list.c;1710;0;0;0;0;0;0;0;0
fs/afs/vl_probe.c;1382;0;0;0;0;0;0;0;0
fs/afs/vl_rotate.c;1598;0;0;0;0;0;0;0;0
fs/afs/vlclient.c;3075;0;0;0;0;0;0;0;0
fs/afs/volume.c;1427;0;0;0;0;0;0;0;0
fs/afs/write.c;4076;0;0;0;0;0;0;0;0
fs/afs/xattr.c;471;0;0;0;0;0;0;0;0
fs/afs/yfsclient.c;11199;0;0;0;0;0;0;0;0
fs/aio.c;9383;0;0;0;0;0;0;0;0
fs/anon_inodes.c;469;0;0;0;0;0;0;0;0
fs/attr.c;1266;0;0;0;0;0;0;0;0
fs/autofs/dev-ioctl.c;2705;0;0;0;0;0;0;0;0
fs/autofs/expire.c;2675;0;0;0;0;0;0;0;0
fs/autofs/init.c;148;0.0114914248525274;0.0141611738290144;0.0198829215106836;0.00851632024932019;0.0168842519399019;0.0236920570544598;0.0100803558013127;0.029283847754769
fs/autofs/inode.c;1719;0.0397850517248883;0.0413875867610378;0.0448221048406917;0.0379992248906655;0.0430221329739223;0.0472193375715188;0.0389380479005911;0.0510338270674353
fs/autofs/root.c;4055;0;0;0;0;0;0;0;0
fs/autofs/symlink.c;99;0;0;0;0;0;0;0;0
fs/autofs/waitq.c;2459;0;0;0;0;0;0;0;0
fs/bad_inode.c;798;0;0;0;0;0;0;0;0
fs/befs/btree.c;2794;0;0;0;0;0;0;0;0
fs/befs/datastream.c;1738;0;0;0;0;0;0;0;0
fs/befs/debug.c;1388;0;0;0;0;0;0;0;0
fs/befs/inode.c;156;0;0;0;0;0;0;0;0
fs/befs/io.c;175;0;0;0;0;0;0;0;0
fs/befs/linuxvfs.c;4644;0;0;0;0;0;0;0;0
fs/befs/super.c;507;0;0;0;0;0;0;0;0
fs/bfs/dir.c;2040;0;0;0;0;0;0;0;0
fs/bfs/file.c;858;0;0;0;0;0;0;0;0
fs/bfs/inode.c;2692;0;0;0;0;0;0;0;0
fs/binfmt_aout.c;2109;0;0;0;0;0;0;0;0
fs/binfmt_elf.c;10670;0;0;0;0;0;0;0;0
fs/binfmt_elf_fdpic.c;8686;0;0;0;0;0;0;0;0
fs/binfmt_em86.c;393;0;0;0;0;0;0;0;0
fs/binfmt_flat.c;4465;0;0;0;0;0;0;0;0
fs/binfmt_misc.c;3705;0;0;0;0;0;0;0;0
fs/binfmt_script.c;519;0;0;0;0;0;0;0;0
fs/block_dev.c;8423;0;0;0;0;0;0;0;0
fs/btrfs/acl.c;606;0;0;0;0;0;0;0;0
fs/btrfs/async-thread.c;1527;0;0;0;0;0;0;0;0
fs/btrfs/backref.c;9711;0;0;0;0;0;0;0;0
fs/btrfs/check-integrity.c;14206;0;0;0;0;0;0;0;0
fs/btrfs/compression.c;6145;0;0;0;0;0;0;0;0
fs/btrfs/ctree.c;26017;0;0;0;0;0;0;0;0
fs/btrfs/delayed-inode.c;8669;0;0;0;0;0;0;0;0
fs/btrfs/delayed-ref.c;4111;0;0;0;0;0;0;0;0
fs/btrfs/dev-replace.c;4496;0;0;0;0;0;0;0;0
fs/btrfs/dir-item.c;2123;0;0;0;0;0;0;0;0
fs/btrfs/disk-io.c;20355;0;0;0;0;0;0;0;0
fs/btrfs/export.c;1590;0;0;0;0;0;0;0;0
fs/btrfs/extent-tree.c;47392;0;0;0;0;0;0;0;0
fs/btrfs/extent_io.c;25706;0.475932783030454;0.462398711588459;0.433392785346404;0.491014829545629;0.448594292514055;0.415754065474945;0.483086080781263;0.394317066213273
fs/btrfs/extent_map.c;2577;0.0625228251548716;0.0655792036780282;0.0721295673576075;0.0591168698034617;0.0686966343909134;0.07643170195767;0.0609074069336055;0.0825908688573092
fs/btrfs/file-item.c;5179;0;0;0;0;0;0;0;0
fs/btrfs/file.c;14789;0;0;0;0;0;0;0;0
fs/btrfs/free-space-cache.c;16545;0;0;0;0;0;0;0;0
fs/btrfs/free-space-tree.c;7464;0;0;0;0;0;0;0;0
fs/btrfs/inode-item.c;2300;0;0;0;0;0;0;0;0
fs/btrfs/inode-map.c;2458;0;0;0;0;0;0;0;0
fs/btrfs/inode.c;47981;0;0;0;0;0;0;0;0
fs/btrfs/ioctl.c;28174;0;0;0;0;0;0;0;0
fs/btrfs/locking.c;1204;0;0;0;0;0;0;0;0
fs/btrfs/lzo.c;1858;0;0;0;0;0;0;0;0
fs/btrfs/ordered-data.c;4420;0;0;0;0;0;0;0;0
fs/btrfs/orphan.c;221;0;0;0;0;0;0;0;0
fs/btrfs/print-tree.c;1964;0;0;0;0;0;0;0;0
fs/btrfs/props.c;2031;0;0;0;0;0;0;0;0
fs/btrfs/qgroup.c;16261;0;0;0;0;0;0;0;0
fs/btrfs/raid56.c;9970;0;0;0;0;0;0;0;0
fs/btrfs/reada.c;4600;0;0;0;0;0;0;0;0
fs/btrfs/ref-verify.c;5009;0;0;0;0;0;0;0;0
fs/btrfs/relocation.c;22470;0;0;0;0;0;0;0;0
fs/btrfs/root-tree.c;2211;0;0;0;0;0;0;0;0
fs/btrfs/scrub.c;18213;0;0;0;0;0;0;0;0
fs/btrfs/send.c;29957;0;0;0;0;0;0;0;0
fs/btrfs/struct-funcs.c;675;0;0;0;0;0;0;0;0
fs/btrfs/super.c;10577;0;0;0;0;0;0;0;0
fs/btrfs/sysfs.c;4356;0;0;0;0;0;0;0;0
fs/btrfs/tests/btrfs-tests.c;1268;0;0;0;0;0;0;0;0
fs/btrfs/tests/extent-buffer-tests.c;1079;0;0;0;0;0;0;0;0
fs/btrfs/tests/extent-io-tests.c;2017;0;0;0;0;0;0;0;0
fs/btrfs/tests/extent-map-tests.c;1452;0.0482003465434979;0.0536812204634217;0.0654277097105533;0.042092591330414;0.0592715766846714;0.0729223194585003;0.0453034855913528;0.0830567939611348
fs/btrfs/tests/free-space-tests.c;2908;0.0744374587500282;0.078933330525126;0.0885687846943402;0.0694273664412287;0.0835190088521705;0.0947602190417962;0.0720612108046434;0.103254151398623
fs/btrfs/tests/free-space-tree-tests.c;2852;0;0;0;0;0;0;0;0
fs/btrfs/tests/inode-tests.c;5878;0;0;0;0;0;0;0;0
fs/btrfs/tests/qgroup-tests.c;2458;0;0;0;0;0;0;0;0
fs/btrfs/transaction.c;9592;0;0;0;0;0;0;0;0
fs/btrfs/tree-checker.c;2992;0;0;0;0;0;0;0;0
fs/btrfs/tree-defrag.c;560;0;0;0;0;0;0;0;0
fs/btrfs/tree-log.c;25710;0;0;0;0;0;0;0;0
fs/btrfs/ulist.c;789;0;0;0;0;0;0;0;0
fs/btrfs/uuid-tree.c;1619;0;0;0;0;0;0;0;0
fs/btrfs/volumes.c;33257;0;0;0;0;0;0;0;0
fs/btrfs/xattr.c;2122;0;0;0;0;0;0;0;0
fs/btrfs/zlib.c;2022;0;0;0;0;0;0;0;0
fs/btrfs/zstd.c;2089;0;0;0;0;0;0;0;0
fs/buffer.c;12544;0;0;0;0;0;0;0;0
fs/cachefiles/bind.c;1161;0;0;0;0;0;0;0;0
fs/cachefiles/daemon.c;2895;0;0;0;0;0;0;0;0
fs/cachefiles/interface.c;2581;0;0;0;0;0;0;0;0
fs/cachefiles/key.c;647;0;0;0;0;0;0;0;0
fs/cachefiles/main.c;290;0;0;0;0;0;0;0;0
fs/cachefiles/namei.c;4397;0;0;0;0;0;0;0;0
fs/cachefiles/proc.c;430;0;0;0;0;0;0;0;0
fs/cachefiles/rdwr.c;3799;0;0;0;0;0;0;0;0
fs/cachefiles/security.c;350;0;0;0;0;0;0;0;0
fs/cachefiles/xattr.c;1223;0;0;0;0;0;0;0;0
fs/ceph/acl.c;1217;0;0;0;0;0;0;0;0
fs/ceph/addr.c;9878;0;0;0;0;0;0;0;0
fs/ceph/cache.c;1552;0;0;0;0;0;0;0;0
fs/ceph/caps.c;20266;0;0;0;0;0;0;0;0
fs/ceph/ceph_frag.c;86;0;0;0;0;0;0;0;0
fs/ceph/debugfs.c;1570;0;0;0;0;0;0;0;0
fs/ceph/dir.c;7562;0;0;0;0;0;0;0;0
fs/ceph/export.c;1196;0;0;0;0;0;0;0;0
fs/ceph/file.c;10150;0;0;0;0;0;0;0;0
fs/ceph/inode.c;12014;0;0;0;0;0;0;0;0
fs/ceph/ioctl.c;1542;0;0;0;0;0;0;0;0
fs/ceph/locks.c;2232;0;0;0;0;0;0;0;0
fs/ceph/mds_client.c;21015;0;0;0;0;0;0;0;0
fs/ceph/mdsmap.c;2237;0;0;0;0;0;0;0;0
fs/ceph/quota.c;1399;0;0;0;0;0;0;0;0
fs/ceph/snap.c;4129;0;0;0;0;0;0;0;0
fs/ceph/strings.c;574;0;0;0;0;0;0;0;0
fs/ceph/super.c;5159;0;0;0;0;0;0;0;0
fs/ceph/xattr.c;6307;0;0;0;0;0;0;0;0
fs/char_dev.c;2547;0.0767751145666638;0.0839873695852509;0.0994445169783772;0.0687379495394343;0.0913436918253651;0.109207221074752;0.0729631494958548;0.122132102053922
fs/cifs/asn1.c;2134;0.0695893927693922;0.0771527660415079;0.093362422404883;0.0611609499323225;0.0848672202404458;0.10358900791715;0.06559184766644;0.117095978754825
fs/cifs/cache.c;430;0.0393170585061452;0.0481544667970521;0.0670946071794626;0.0294688614216029;0.0571684052931015;0.0790056574944344;0.0346461349691106;0.0946299872743834
fs/cifs/cifs_debug.c;4556;0.113301076432392;0.119244739152252;0.13198306724508;0.10667760041517;0.125307128535484;0.140066575279012;0.110159613100552;0.150875174335566
fs/cifs/cifs_dfs_ref.c;1453;0;0;0;0;0;0;0;0
fs/cifs/cifs_spnego.c;885;0;0;0;0;0;0;0;0
fs/cifs/cifs_unicode.c;2166;0;0;0;0;0;0;0;0
fs/cifs/cifsacl.c;6199;0;0;0;0;0;0;0;0
fs/cifs/cifsencrypt.c;4056;0;0;0;0;0;0;0;0
fs/cifs/cifsfs.c;6717;0;0;0;0;0;0;0;0
fs/cifs/cifssmb.c;34930;0;0;0;0;0;0;0;0
fs/cifs/connect.c;20372;0;0;0;0;0;0;0;0
fs/cifs/dir.c;4226;0;0;0;0;0;0;0;0
fs/cifs/dns_resolve.c;276;0;0;0;0;0;0;0;0
fs/cifs/export.c;55;0;0;0;0;0;0;0;0
fs/cifs/file.c;20936;0;0;0;0;0;0;0;0
fs/cifs/fscache.c;1574;0;0;0;0;0;0;0;0
fs/cifs/inode.c;11704;0;0;0;0;0;0;0;0
fs/cifs/ioctl.c;1263;0;0;0;0;0;0;0;0
fs/cifs/link.c;3169;0;0;0;0;0;0;0;0
fs/cifs/misc.c;4115;0;0;0;0;0;0;0;0
fs/cifs/netmisc.c;6202;0;0;0;0;0;0;0;0
fs/cifs/nterr.c;3057;0.0902919718380769;0.0983687902627512;0.115678851060097;0.0812913579653312;0.106606945853987;0.126574352828303;0.0860230504481957;0.140893559162531
fs/cifs/readdir.c;3924;0.10599615240831;0.113509036058212;0.129610484166282;0.0976239740023852;0.121171992087739;0.139759683976934;0.102025293088906;0.153138792387152
fs/cifs/sess.c;6907;0;0;0;0;0;0;0;0
fs/cifs/smb1ops.c;5248;0;0;0;0;0;0;0;0
fs/cifs/smb2file.c;1219;0;0;0;0;0;0;0;0
fs/cifs/smb2inode.c;2422;0;0;0;0;0;0;0;0
fs/cifs/smb2maperror.c;15984;0;0;0;0;0;0;0;0
fs/cifs/smb2misc.c;3489;0;0;0;0;0;0;0;0
fs/cifs/smb2ops.c;20078;0;0;0;0;0;0;0;0
fs/cifs/smb2pdu.c;21781;0;0;0;0;0;0;0;0
fs/cifs/smb2transport.c;3245;0;0;0;0;0;0;0;0
fs/cifs/smbdirect.c;11490;0;0;0;0;0;0;0;0
fs/cifs/smbencrypt.c;1084;0;0;0;0;0;0;0;0
fs/cifs/trace.c;4;0;0;0;0;0;0;0;0
fs/cifs/transport.c;5896;0;0;0;0;0;0;0;0
fs/cifs/winucase.c;746;0;0;0;0;0;0;0;0
fs/cifs/xattr.c;1648;0;0;0;0;0;0;0;0
fs/coda/cache.c;398;0;0;0;0;0;0;0;0
fs/coda/cnode.c;709;0;0;0;0;0;0;0;0
fs/coda/coda_linux.c;873;0;0;0;0;0;0;0;0
fs/coda/dir.c;2665;0;0;0;0;0;0;0;0
fs/coda/file.c;996;0;0;0;0;0;0;0;0
fs/coda/inode.c;1359;0;0;0;0;0;0;0;0
fs/coda/pioctl.c;301;0;0;0;0;0;0;0;0
fs/coda/psdev.c;1856;0;0;0;0;0;0;0;0
fs/coda/symlink.c;144;0;0;0;0;0;0;0;0
fs/coda/sysctl.c;203;0;0;0;0;0;0;0;0
fs/coda/upcall.c;4363;0;0;0;0;0;0;0;0
fs/compat.c;535;0;0;0;0;0;0;0;0
fs/compat_binfmt_elf.c;157;0;0;0;0;0;0;0;0
fs/compat_ioctl.c;4686;0;0;0;0;0;0;0;0
fs/configfs/dir.c;6751;0;0;0;0;0;0;0;0
fs/configfs/file.c;2037;0;0;0;0;0;0;0;0
fs/configfs/inode.c;1104;0;0;0;0;0;0;0;0
fs/configfs/item.c;669;0;0;0;0;0;0;0;0
fs/configfs/mount.c;614;0;0;0;0;0;0;0;0
fs/configfs/symlink.c;1266;0;0;0;0;0;0;0;0
fs/coredump.c;3314;0;0;0;0;0;0;0;0
fs/cramfs/inode.c;4553;0;0;0;0;0;0;0;0
fs/cramfs/uncompress.c;249;0;0;0;0;0;0;0;0
fs/crypto/bio.c;625;0;0;0;0;0;0;0;0
fs/crypto/crypto.c;1735;0;0;0;0;0;0;0;0
fs/crypto/fname.c;1702;0;0;0;0;0;0;0;0
fs/crypto/hooks.c;941;0;0;0;0;0;0;0;0
fs/crypto/keyinfo.c;1777;0;0;0;0;0;0;0;0
fs/crypto/policy.c;1097;0;0;0;0;0;0;0;0
fs/d_path.c;1914;0;0;0;0;0;0;0;0
fs/dax.c;6766;0;0;0;0;0;0;0;0
fs/dcache.c;11511;0;0;0;0;0;0;0;0
fs/dcookies.c;1258;0;0;0;0;0;0;0;0
fs/debugfs/file.c;4203;0;0;0;0;0;0;0;0
fs/debugfs/inode.c;2945;0;0;0;0;0;0;0;0
fs/devpts/inode.c;2511;0;0;0;0;0;0;0;0
fs/direct-io.c;4785;0;0;0;0;0;0;0;0
fs/dlm/ast.c;1619;0;0;0;0;0;0;0;0
fs/dlm/config.c;4022;0;0;0;0;0;0;0;0
fs/dlm/debug_fs.c;3956;0;0;0;0;0;0;0;0
fs/dlm/dir.c;1200;0;0;0;0;0;0;0;0
fs/dlm/lock.c;26392;0;0;0;0;0;0;0;0
fs/dlm/lockspace.c;4114;0;0;0;0;0;0;0;0
fs/dlm/lowcomms.c;8289;0;0;0;0;0;0;0;0
fs/dlm/main.c;254;0;0;0;0;0;0;0;0
fs/dlm/member.c;3223;0;0;0;0;0;0;0;0
fs/dlm/memory.c;322;0;0;0;0;0;0;0;0
fs/dlm/midcomms.c;403;0;0;0;0;0;0;0;0
fs/dlm/netlink.c;587;0;0;0;0;0;0;0;0
fs/dlm/plock.c;2497;0;0;0;0;0;0;0;0
fs/dlm/rcom.c;2987;0;0;0;0;0;0;0;0
fs/dlm/recover.c;3694;0;0;0;0;0;0;0;0
fs/dlm/recoverd.c;1161;0;0;0;0;0;0;0;0
fs/dlm/requestqueue.c;590;0;0;0;0;0;0;0;0
fs/dlm/user.c;4475;0;0;0;0;0;0;0;0
fs/dlm/util.c;869;0;0;0;0;0;0;0;0
fs/drop_caches.c;302;0;0;0;0;0;0;0;0
fs/ecryptfs/crypto.c;8036;0;0;0;0;0;0;0;0
fs/ecryptfs/debug.c;430;0;0;0;0;0;0;0;0
fs/ecryptfs/dentry.c;208;0;0;0;0;0;0;0;0
fs/ecryptfs/file.c;1675;0;0;0;0;0;0;0;0
fs/ecryptfs/inode.c;5052;0;0;0;0;0;0;0;0
fs/ecryptfs/keystore.c;11005;0;0;0;0;0;0;0;0
fs/ecryptfs/kthread.c;632;0;0;0;0;0;0;0;0
fs/ecryptfs/main.c;3316;0;0;0;0;0;0;0;0
fs/ecryptfs/messaging.c;1676;0;0;0;0;0;0;0;0
fs/ecryptfs/miscdev.c;1845;0;0;0;0;0;0;0;0
fs/ecryptfs/mmap.c;2024;0;0;0;0;0;0;0;0
fs/ecryptfs/read_write.c;758;0;0;0;0;0;0;0;0
fs/ecryptfs/super.c;596;0;0;0;0;0;0;0;0
fs/efivarfs/file.c;785;0;0;0;0;0;0;0;0
fs/efivarfs/inode.c;569;0;0;0;0;0;0;0;0
fs/efivarfs/super.c;1150;0;0;0;0;0;0;0;0
fs/efs/dir.c;422;0;0;0;0;0;0;0;0
fs/efs/file.c;176;0;0;0;0;0;0;0;0
fs/efs/inode.c;1615;0;0;0;0;0;0;0;0
fs/efs/namei.c;563;0;0;0;0;0;0;0;0
fs/efs/super.c;1647;0;0;0;0;0;0;0;0
fs/efs/symlink.c;227;0;0;0;0;0;0;0;0
fs/eventfd.c;1511;0;0;0;0;0;0;0;0
fs/eventpoll.c;7646;0;0;0;0;0;0;0;0
fs/exec.c;7849;0;0;0;0;0;0;0;0
fs/exofs/dir.c;3486;0;0;0;0;0;0;0;0
fs/exofs/file.c;197;0;0;0;0;0;0;0;0
fs/exofs/inode.c;6729;0;0;0;0;0;0;0;0
fs/exofs/namei.c;1388;0;0;0;0;0;0;0;0
fs/exofs/ore.c;5407;0;0;0;0;0;0;0;0
fs/exofs/ore_raid.c;3301;0;0;0;0;0;0;0;0
fs/exofs/super.c;4540;0;0;0;0;0;0;0;0
fs/exofs/sys.c;898;0;0;0;0;0;0;0;0
fs/exportfs/expfs.c;2054;0;0;0;0;0;0;0;0
fs/ext2/acl.c;1240;0.0793826525752699;0.0947924502545458;0.12781839199024;0.0622103414651696;0.110510063829159;0.148359871050117;0.0712379585301692;0.174662087844652
fs/ext2/balloc.c;5162;0.149718592311696;0.16238048099631;0.189517164206908;0.135608485465448;0.175295295169191;0.206423973960889;0.143026278011684;0.228153058709867
fs/ext2/dir.c;3714;0.12402423852195;0.137777151619695;0.167252094517424;0.108698320083561;0.151804783785581;0.18560133239942;0.11675527420838;0.209143338534169
fs/ext2/file.c;772;0.0716130768126319;0.0875250527799782;0.121627252051814;0.0538811501919998;0.103754875822991;0.142831428968019;0.0632029614688516;0.169963035040944
fs/ext2/ialloc.c;2875;0.109420319356487;0.123884762468608;0.154884640948689;0.0933014888354515;0.138638137700397;0.174173932587356;0.101775282988526;0.19889557815878
fs/ext2/inode.c;7374;0.190074597894515;0.201378643264061;0.225605226345962;0.177477639262826;0.212908490744626;0.240714320704922;0.184099958063214;0.260176660519453
fs/ext2/ioctl.c;712;0;0;0;0;0;0;0;0
fs/ext2/namei.c;1812;0;0;0;0;0;0;0;0
fs/ext2/super.c;8219;0;0;0;0;0;0;0;0
fs/ext2/symlink.c;56;0;0;0;0;0;0;0;0
fs/ext2/xattr.c;4832;0;0;0;0;0;0;0;0
fs/ext2/xattr_security.c;250;0;0;0;0;0;0;0;0
fs/ext2/xattr_trusted.c;151;0;0;0;0;0;0;0;0
fs/ext2/xattr_user.c;191;0;0;0;0;0;0;0;0
fs/ext4/acl.c;1379;0;0;0;0;0;0;0;0
fs/ext4/balloc.c;3720;0;0;0;0;0;0;0;0
fs/ext4/bitmap.c;495;0;0;0;0;0;0;0;0
fs/ext4/block_validity.c;1180;0;0;0;0;0;0;0;0
fs/ext4/dir.c;3034;0;0;0;0;0;0;0;0
fs/ext4/ext4_jbd2.c;1367;0;0;0;0;0;0;0;0
fs/ext4/extents.c;25643;0;0;0;0;0;0;0;0
fs/ext4/extents_status.c;7571;0;0;0;0;0;0;0;0
fs/ext4/file.c;2196;0;0;0;0;0;0;0;0
fs/ext4/fsmap.c;3207;0;0;0;0;0;0;0;0
fs/ext4/fsync.c;479;0;0;0;0;0;0;0;0
fs/ext4/hash.c;1809;0;0;0;0;0;0;0;0
fs/ext4/ialloc.c;6463;0;0;0;0;0;0;0;0
fs/ext4/indirect.c;5261;0;0;0;0;0;0;0;0
fs/ext4/inline.c;9425;0;0;0;0;0;0;0;0
fs/ext4/inode.c;25707;0;0;0;0;0;0;0;0
fs/ext4/ioctl.c;5296;0;0;0;0;0;0;0;0
fs/ext4/mballoc.c;23613;0;0;0;0;0;0;0;0
fs/ext4/migrate.c;2981;0;0;0;0;0;0;0;0
fs/ext4/mmp.c;1662;0;0;0;0;0;0;0;0
fs/ext4/move_extent.c;2964;0;0;0;0;0;0;0;0
fs/ext4/namei.c;19655;0;0;0;0;0;0;0;0
fs/ext4/page-io.c;2342;0;0;0;0;0;0;0;0
fs/ext4/readpage.c;1140;0;0;0;0;0;0;0;0
fs/ext4/resize.c;9703;0;0;0;0;0;0;0;0
fs/ext4/super.c;28919;0.582152990812588;0.579954437959812;0.575242547516483;0.584603005690502;0.577711968273804;0.572477675866701;0.583315013877429;0.569410682888866
fs/ext4/symlink.c;247;0.0696190260439754;0.0879735317000004;0.127310507239827;0.0491652025767638;0.10669467478434;0.151727151342046;0.059917936125161;0.182848111149331
fs/ext4/sysfs.c;2280;0.106174477052107;0.123131491815393;0.159473395404219;0.0872779841146752;0.140427228656037;0.182041336132135;0.097212016931625;0.210835580082277
fs/ext4/xattr.c;14725;0;0;0;0;0;0;0;0
fs/ext4/xattr_security.c;270;0;0;0;0;0;0;0;0
fs/ext4/xattr_trusted.c;159;0;0;0;0;0;0;0;0
fs/ext4/xattr_user.c;193;0;0;0;0;0;0;0;0
fs/f2fs/acl.c;2015;0;0;0;0;0;0;0;0
fs/f2fs/checkpoint.c;7774;0;0;0;0;0;0;0;0
fs/f2fs/data.c;13460;0;0;0;0;0;0;0;0
fs/f2fs/debug.c;3774;0;0;0;0;0;0;0;0
fs/f2fs/dir.c;4678;0;0;0;0;0;0;0;0
fs/f2fs/extent_cache.c;4242;0;0;0;0;0;0;0;0
fs/f2fs/file.c;15412;0;0;0;0;0;0;0;0
fs/f2fs/gc.c;6357;0;0;0;0;0;0;0;0
fs/f2fs/hash.c;513;0;0;0;0;0;0;0;0
fs/f2fs/inline.c;3474;0;0;0;0;0;0;0;0
fs/f2fs/inode.c;4305;0;0;0;0;0;0;0;0
fs/f2fs/namei.c;6094;0;0;0;0;0;0;0;0
fs/f2fs/node.c;16189;0;0;0;0;0;0;0;0
fs/f2fs/recovery.c;3693;0;0;0;0;0;0;0;0
fs/f2fs/segment.c;22661;0;0;0;0;0;0;0;0
fs/f2fs/shrinker.c;571;0;0;0;0;0;0;0;0
fs/f2fs/super.c;17508;0;0;0;0;0;0;0;0
fs/f2fs/sysfs.c;4063;0;0;0;0;0;0;0;0
fs/f2fs/trace.c;729;0;0;0;0;0;0;0;0
fs/f2fs/xattr.c;3438;0;0;0;0;0;0;0;0
fs/fat/cache.c;1930;0;0;0;0;0;0;0;0
fs/fat/dir.c;7454;0;0;0;0;0;0;0;0
fs/fat/fatent.c;4587;0;0;0;0;0;0;0;0
fs/fat/file.c;2633;0;0;0;0;0;0;0;0
fs/fat/inode.c;9660;0;0;0;0;0;0;0;0
fs/fat/misc.c;1667;0.101207807651229;0.120279167274827;0.161152488577188;0.0799551392148699;0.139731483726025;0.186502239290415;0.0911278317559461;0.218753862187348
fs/fat/namei_msdos.c;3541;0.134919903599648;0.152707439073866;0.19082929650637;0.115097898184483;0.170850286556183;0.214480671311215;0.125518480085262;0.244594662614614
fs/fat/namei_vfat.c;5133;0.163589067932726;0.18029437687786;0.216096830056123;0.14497306995749;0.197333379991916;0.238316447477048;0.154759644398503;0.266628164182747
fs/fat/nfs.c;1386;0.096782303562594;0.116222157945909;0.157885229166965;0.075118993352215;0.136050329963678;0.183720877509306;0.0865075634570608;0.216579507563277
fs/fcntl.c;4686;0.155995181367311;0.173131785336904;0.20985858058929;0.136898558500406;0.1906106987387;0.232647633108768;0.146937801172625;0.261672819242747
fs/fhandle.c;1104;0;0;0;0;0;0;0;0
fs/file.c;4229;0;0;0;0;0;0;0;0
fs/file_table.c;1628;0;0;0;0;0;0;0;0
fs/filesystems.c;1091;0;0;0;0;0;0;0;0
fs/freevxfs/vxfs_bmap.c;1117;0;0;0;0;0;0;0;0
fs/freevxfs/vxfs_fshead.c;611;0;0;0;0;0;0;0;0
fs/freevxfs/vxfs_immed.c;126;0;0;0;0;0;0;0;0
fs/freevxfs/vxfs_inode.c;1381;0;0;0;0;0;0;0;0
fs/freevxfs/vxfs_lookup.c;1046;0;0;0;0;0;0;0;0
fs/freevxfs/vxfs_olt.c;404;0;0;0;0;0;0;0;0
fs/freevxfs/vxfs_subr.c;304;0;0;0;0;0;0;0;0
fs/freevxfs/vxfs_super.c;1249;0;0;0;0;0;0;0;0
fs/fs-writeback.c;8047;0;0;0;0;0;0;0;0
fs/fs_pin.c;506;0;0;0;0;0;0;0;0
fs/fs_struct.c;789;0;0;0;0;0;0;0;0
fs/fscache/cache.c;1487;0;0;0;0;0;0;0;0
fs/fscache/cookie.c;4044;0;0;0;0;0;0;0;0
fs/fscache/fsdef.c;243;0;0;0;0;0;0;0;0
fs/fscache/histogram.c;420;0;0;0;0;0;0;0;0
fs/fscache/main.c;666;0;0;0;0;0;0;0;0
fs/fscache/netfs.c;258;0;0;0;0;0;0;0;0
fs/fscache/object-list.c;1852;0;0;0;0;0;0;0;0
fs/fscache/object.c;4653;0;0;0;0;0;0;0;0
fs/fscache/operation.c;3189;0;0;0;0;0;0;0;0
fs/fscache/page.c;5304;0;0;0;0;0;0;0;0
fs/fscache/proc.c;204;0;0;0;0;0;0;0;0
fs/fscache/stats.c;1107;0;0;0;0;0;0;0;0
fs/fuse/acl.c;410;0;0;0;0;0;0;0;0
fs/fuse/control.c;1712;0;0;0;0;0;0;0;0
fs/fuse/cuse.c;2469;0;0;0;0;0;0;0;0
fs/fuse/dev.c;11979;0;0;0;0;0;0;0;0
fs/fuse/dir.c;8784;0;0;0;0;0;0;0;0
fs/fuse/file.c;16347;0;0;0;0;0;0;0;0
fs/fuse/inode.c;7006;0;0;0;0;0;0;0;0
fs/fuse/readdir.c;2767;0;0;0;0;0;0;0;0
fs/fuse/xattr.c;1439;0;0;0;0;0;0;0;0
fs/gfs2/acl.c;638;0;0;0;0;0;0;0;0
fs/gfs2/aops.c;3620;0;0;0;0;0;0;0;0
fs/gfs2/bmap.c;10894;0;0;0;0;0;0;0;0
fs/gfs2/dentry.c;456;0;0;0;0;0;0;0;0
fs/gfs2/dir.c;10128;0;0;0;0;0;0;0;0
fs/gfs2/export.c;1001;0;0;0;0;0;0;0;0
fs/gfs2/file.c;5772;0;0;0;0;0;0;0;0
fs/gfs2/glock.c;10046;0;0;0;0;0;0;0;0
fs/gfs2/glops.c;2960;0;0;0;0;0;0;0;0
fs/gfs2/inode.c;9368;0;0;0;0;0;0;0;0
fs/gfs2/lock_dlm.c;5246;0.175402382037296;0.194764572025707;0.236261194612302;0.153825619176806;0.214513528276143;0.261970976685687;0.165168690668927;0.294604689134529
fs/gfs2/log.c;4747;0.166678744924708;0.186453533291986;0.22883442771033;0.144642192268602;0.206623329712782;0.25508940039501;0.156226978820426;0.288407474693994
fs/gfs2/lops.c;3952;0.152661817889634;0.173060810648575;0.216779486282431;0.129929666742684;0.193867280153853;0.243859504483517;0.141880134813208;0.27821394655735
fs/gfs2/main.c;954;0.0992492229517376;0.121847312150267;0.170279043230836;0.074066451166691;0.144896805786697;0.200266945988719;0.0873052295031121;0.238277583716211
fs/gfs2/meta_io.c;1947;0.117206628286272;0.139150707177556;0.186180777655489;0.0927526699937176;0.161533126430723;0.215303251029995;0.1056083054276;0.252223950473636
fs/gfs2/ops_fstype.c;6643;0.201383805860549;0.220026654629121;0.259981600828463;0.180608659703827;0.239041900576733;0.284737622138442;0.191530315080893;0.316164741611787
fs/gfs2/quota.c;8957;0;0;0;0;0;0;0;0
fs/gfs2/recovery.c;2431;0;0;0;0;0;0;0;0
fs/gfs2/rgrp.c;12136;0;0;0;0;0;0;0;0
fs/gfs2/super.c;7839;0;0;0;0;0;0;0;0
fs/gfs2/sys.c;3852;0;0;0;0;0;0;0;0
fs/gfs2/trans.c;1413;0;0;0;0;0;0;0;0
fs/gfs2/util.c;1008;0;0;0;0;0;0;0;0
fs/gfs2/xattr.c;6980;0;0;0;0;0;0;0;0
fs/hfs/attr.c;693;0;0;0;0;0;0;0;0
fs/hfs/bfind.c;1114;0;0;0;0;0;0;0;0
fs/hfs/bitmap.c;810;0;0;0;0;0;0;0;0
fs/hfs/bnode.c;2744;0;0;0;0;0;0;0;0
fs/hfs/brec.c;2954;0;0;0;0;0;0;0;0
fs/hfs/btree.c;2056;0;0;0;0;0;0;0;0
fs/hfs/catalog.c;1936;0;0;0;0;0;0;0;0
fs/hfs/dir.c;1471;0;0;0;0;0;0;0;0
fs/hfs/extent.c;3110;0;0;0;0;0;0;0;0
fs/hfs/inode.c;3871;0;0;0;0;0;0;0;0
fs/hfs/mdb.c;1902;0;0;0;0;0;0;0;0
fs/hfs/part_tbl.c;414;0;0;0;0;0;0;0;0
fs/hfs/string.c;296;0;0;0;0;0;0;0;0
fs/hfs/super.c;2398;0;0;0;0;0;0;0;0
fs/hfs/sysdep.c;132;0;0;0;0;0;0;0;0
fs/hfs/trans.c;563;0;0;0;0;0;0;0;0
fs/hfsplus/attributes.c;1605;0;0;0;0;0;0;0;0
fs/hfsplus/bfind.c;1474;0;0;0;0;0;0;0;0
fs/hfsplus/bitmap.c;1206;0;0;0;0;0;0;0;0
fs/hfsplus/bnode.c;3828;0;0;0;0;0;0;0;0
fs/hfsplus/brec.c;2922;0;0;0;0;0;0;0;0
fs/hfsplus/btree.c;2237;0;0;0;0;0;0;0;0
fs/hfsplus/catalog.c;2982;0;0;0;0;0;0;0;0
fs/hfsplus/dir.c;3154;0;0;0;0;0;0;0;0
fs/hfsplus/extents.c;3256;0;0;0;0;0;0;0;0
fs/hfsplus/inode.c;3473;0;0;0;0;0;0;0;0
fs/hfsplus/ioctl.c;599;0;0;0;0;0;0;0;0
fs/hfsplus/options.c;1128;0;0;0;0;0;0;0;0
fs/hfsplus/part_tbl.c;582;0;0;0;0;0;0;0;0
fs/hfsplus/super.c;3512;0;0;0;0;0;0;0;0
fs/hfsplus/tables.c;20;0;0;0;0;0;0;0;0
fs/hfsplus/unicode.c;2356;0;0;0;0;0;0;0;0
fs/hfsplus/wrapper.c;1164;0;0;0;0;0;0;0;0
fs/hfsplus/xattr.c;4338;0;0;0;0;0;0;0;0
fs/hfsplus/xattr_security.c;331;0;0;0;0;0;0;0;0
fs/hfsplus/xattr_trusted.c;135;0;0;0;0;0;0;0;0
fs/hfsplus/xattr_user.c;135;0;0;0;0;0;0;0;0
fs/hostfs/hostfs_kern.c;4736;0;0;0;0;0;0;0;0
fs/hostfs/hostfs_user.c;1954;0;0;0;0;0;0;0;0
fs/hpfs/alloc.c;3803;0;0;0;0;0;0;0;0
fs/hpfs/anode.c;4253;0;0;0;0;0;0;0;0
fs/hpfs/buffer.c;1469;0;0;0;0;0;0;0;0
fs/hpfs/dentry.c;259;0;0;0;0;0;0;0;0
fs/hpfs/dir.c;1781;0;0;0;0;0;0;0;0
fs/hpfs/dnode.c;7719;0;0;0;0;0;0;0;0
fs/hpfs/ea.c;2800;0;0;0;0;0;0;0;0
fs/hpfs/file.c;1263;0;0;0;0;0;0;0;0
fs/hpfs/inode.c;2221;0;0;0;0;0;0;0;0
fs/hpfs/map.c;2225;0;0;0;0;0;0;0;0
fs/hpfs/name.c;878;0;0;0;0;0;0;0;0
fs/hpfs/namei.c;4070;0;0;0;0;0;0;0;0
fs/hpfs/super.c;4069;0;0;0;0;0;0;0;0
fs/hugetlbfs/inode.c;6248;0;0;0;0;0;0;0;0
fs/inode.c;7777;0;0;0;0;0;0;0;0
fs/ioctl.c;2728;0;0;0;0;0;0;0;0
fs/iomap.c;9493;0;0;0;0;0;0;0;0
fs/isofs/compress.c;1705;0;0;0;0;0;0;0;0
fs/isofs/dir.c;1292;0;0;0;0;0;0;0;0
fs/isofs/export.c;776;0;0;0;0;0;0;0;0
fs/isofs/inode.c;7188;0;0;0;0;0;0;0;0
fs/isofs/joliet.c;295;0;0;0;0;0;0;0;0
fs/isofs/namei.c;845;0;0;0;0;0;0;0;0
fs/isofs/rock.c;3906;0;0;0;0;0;0;0;0
fs/isofs/util.c;165;0;0;0;0;0;0;0;0
fs/jbd2/checkpoint.c;2152;0;0;0;0;0;0;0;0
fs/jbd2/commit.c;4291;0;0;0;0;0;0;0;0
fs/jbd2/journal.c;9754;0;0;0;0;0;0;0;0
fs/jbd2/recovery.c;3015;0;0;0;0;0;0;0;0
fs/jbd2/revoke.c;2350;0;0;0;0;0;0;0;0
fs/jbd2/transaction.c;7945;0;0;0;0;0;0;0;0
fs/jffs2/acl.c;1460;0;0;0;0;0;0;0;0
fs/jffs2/background.c;622;0;0;0;0;0;0;0;0
fs/jffs2/build.c;1693;0;0;0;0;0;0;0;0
fs/jffs2/compr.c;1608;0;0;0;0;0;0;0;0
fs/jffs2/compr_lzo.c;363;0;0;0;0;0;0;0;0
fs/jffs2/compr_rtime.c;453;0;0;0;0;0;0;0;0
fs/jffs2/compr_rubin.c;2132;0;0;0;0;0;0;0;0
fs/jffs2/compr_zlib.c;918;0;0;0;0;0;0;0;0
fs/jffs2/debug.c;4818;0;0;0;0;0;0;0;0
fs/jffs2/dir.c;4400;0;0;0;0;0;0;0;0
fs/jffs2/erase.c;2477;0;0;0;0;0;0;0;0
fs/jffs2/file.c;1664;0;0;0;0;0;0;0;0
fs/jffs2/fs.c;3798;0;0;0;0;0;0;0;0
fs/jffs2/gc.c;7171;0;0;0;0;0;0;0;0
fs/jffs2/ioctl.c;26;0.101639628767194;0.130208845523506;0.191437766737526;0.0698027748044019;0.159348742000472;0.22927683018754;0.0865396557220413;0.277030967453584
fs/jffs2/malloc.c;1272;0.124121366366556;0.151855706865497;0.211295339523866;0.0932148785985957;0.180144050150845;0.248029773283095;0.109462658795702;0.2943931023364
fs/jffs2/nodelist.c;3768;0.168956524246684;0.194962382015305;0.250697568247392;0.139976216420295;0.221487715546014;0.285145552615204;0.155211388890969;0.32863156194941
fs/jffs2/nodemgmt.c;3963;0.172643506073977;0.198565831907684;0.254121994321745;0.143756284244162;0.225005964924963;0.288459023003063;0.158942520684864;0.331804082999079
fs/jffs2/read.c;1275;0.12477455936571;0.152674367233715;0.212468625942572;0.0936836787069901;0.181131483154516;0.249420447894931;0.110028395676126;0.296053048691028
fs/jffs2/readinode.c;6866;0.224956785861016;0.248915541371676;0.300263422766572;0.198257719980794;0.273352881087799;0.332002609748752;0.212293625876889;0.372077288335998
fs/jffs2/scan.c;6291;0.214874060795357;0.23929974595844;0.291648340783618;0.187654659643717;0.264213342403954;0.324004573014893;0.201964109825474;0.364853993351867
fs/jffs2/security.c;267;0;0;0;0;0;0;0;0
fs/jffs2/summary.c;4514;0;0;0;0;0;0;0;0
fs/jffs2/super.c;1705;0;0;0;0;0;0;0;0
fs/jffs2/symlink.c;25;0;0;0;0;0;0;0;0
fs/jffs2/wbuf.c;6380;0;0;0;0;0;0;0;0
fs/jffs2/write.c;4078;0;0;0;0;0;0;0;0
fs/jffs2/writev.c;209;0;0;0;0;0;0;0;0
fs/jffs2/xattr.c;7470;0;0;0;0;0;0;0;0
fs/jffs2/xattr_trusted.c;158;0;0;0;0;0;0;0;0
fs/jffs2/xattr_user.c;136;0;0;0;0;0;0;0;0
fs/jfs/acl.c;679;0;0;0;0;0;0;0;0
fs/jfs/file.c;702;0;0;0;0;0;0;0;0
fs/jfs/inode.c;1680;0;0;0;0;0;0;0;0
fs/jfs/ioctl.c;701;0;0;0;0;0;0;0;0
fs/jfs/jfs_debug.c;289;0;0;0;0;0;0;0;0
fs/jfs/jfs_discard.c;340;0;0;0;0;0;0;0;0
fs/jfs/jfs_dmap.c;11872;0;0;0;0;0;0;0;0
fs/jfs/jfs_dtree.c;17629;0;0;0;0;0;0;0;0
fs/jfs/jfs_extent.c;2010;0;0;0;0;0;0;0;0
fs/jfs/jfs_imap.c;12051;0;0;0;0;0;0;0;0
fs/jfs/jfs_inode.c;546;0;0;0;0;0;0;0;0
fs/jfs/jfs_logmgr.c;8369;0;0;0;0;0;0;0;0
fs/jfs/jfs_metapage.c;3815;0;0;0;0;0;0;0;0
fs/jfs/jfs_mount.c;1612;0;0;0;0;0;0;0;0
fs/jfs/jfs_txnmgr.c;10652;0;0;0;0;0;0;0;0
fs/jfs/jfs_umount.c;315;0;0;0;0;0;0;0;0
fs/jfs/jfs_unicode.c;522;0;0;0;0;0;0;0;0
fs/jfs/jfs_uniupr.c;105;0;0;0;0;0;0;0;0
fs/jfs/jfs_xtree.c;13991;0;0;0;0;0;0;0;0
fs/jfs/namei.c;6430;0;0;0;0;0;0;0;0
fs/jfs/resize.c;1528;0;0;0;0;0;0;0;0
fs/jfs/super.c;4841;0;0;0;0;0;0;0;0
fs/jfs/symlink.c;54;0;0;0;0;0;0;0;0
fs/jfs/xattr.c;4357;0;0;0;0;0;0;0;0
fs/kernfs/dir.c;5943;0;0;0;0;0;0;0;0
fs/kernfs/file.c;3750;0;0;0;0;0;0;0;0
fs/kernfs/inode.c;1657;0;0;0;0;0;0;0;0
fs/kernfs/mount.c;1585;0;0;0;0;0;0;0;0
fs/kernfs/symlink.c;613;0;0;0;0;0;0;0;0
fs/libfs.c;5147;0;0;0;0;0;0;0;0
fs/lockd/clnt4xdr.c;2325;0;0;0;0;0;0;0;0
fs/lockd/clntlock.c;1037;0;0;0;0;0;0;0;0
fs/lockd/clntproc.c;3853;0;0;0;0;0;0;0;0
fs/lockd/clntxdr.c;2453;0;0;0;0;0;0;0;0
fs/lockd/host.c;2887;0;0;0;0;0;0;0;0
fs/lockd/mon.c;2312;0;0;0;0;0;0;0;0
fs/lockd/procfs.c;343;0;0;0;0;0;0;0;0
fs/lockd/svc.c;3171;0;0;0;0;0;0;0;0
fs/lockd/svc4proc.c;2417;0;0;0;0;0;0;0;0
fs/lockd/svclock.c;3758;0;0;0;0;0;0;0;0
fs/lockd/svcproc.c;2578;0;0;0;0;0;0;0;0
fs/lockd/svcshare.c;464;0;0;0;0;0;0;0;0
fs/lockd/svcsubs.c;1600;0;0;0;0;0;0;0;0
fs/lockd/xdr.c;1808;0;0;0;0;0;0;0;0
fs/lockd/xdr4.c;1838;0;0;0;0;0;0;0;0
fs/locks.c;10750;0;0;0;0;0;0;0;0
fs/mbcache.c;1645;0;0;0;0;0;0;0;0
fs/minix/bitmap.c;1422;0;0;0;0;0;0;0;0
fs/minix/dir.c;2569;0.160105564113473;0.190488421727502;0.255604298406031;0.126247632022407;0.22147818714876;0.295810599999342;0.14404700937885;0.346452097949001
fs/minix/file.c;171;0.117422610910344;0.149575633856946;0.218485290204285;0.0815920487796164;0.182370924259105;0.26103220289809;0.100428453039124;0.314616370978356
fs/minix/inode.c;3790;0.182340081570713;0.211961805731696;0.275446437821779;0.149330338451627;0.242175233802999;0.314645154305121;0.166683816290602;0.364016520728971
fs/minix/itree_common.c;1936;0.149385336873774;0.180388328830303;0.246833263883896;0.114836341857607;0.212010615986279;0.287858263534019;0.13299901635068;0.339525370280907
fs/minix/itree_v1.c;317;0.120633035189619;0.152849296924778;0.221894485262205;0.0847320012607574;0.185709089331581;0.264523585975388;0.10360545309082;0.318206968882118
fs/minix/itree_v2.c;451;0.123229170107211;0.155405507903336;0.224365132126823;0.0873726264640821;0.188224578876984;0.266940949954903;0.10622268940606;0.320555925284954
fs/minix/namei.c;1210;0.137002015165186;0.168691625785802;0.236608106960035;0.10168786868116;0.201014247044785;0.278539732052696;0.120252789232103;0.331343044052886
fs/mpage.c;2842;0;0;0;0;0;0;0;0
fs/namei.c;21614;0;0;0;0;0;0;0;0
fs/namespace.c;14177;0;0;0;0;0;0;0;0
fs/nfs/blocklayout/blocklayout.c;4849;0;0;0;0;0;0;0;0
fs/nfs/blocklayout/dev.c;2957;0;0;0;0;0;0;0;0
fs/nfs/blocklayout/extent_tree.c;3268;0;0;0;0;0;0;0;0
fs/nfs/blocklayout/rpc_pipefs.c;1275;0;0;0;0;0;0;0;0
fs/nfs/cache_lib.c;605;0;0;0;0;0;0;0;0
fs/nfs/callback.c;1739;0;0;0;0;0;0;0;0
fs/nfs/callback_proc.c;3344;0;0;0;0;0;0;0;0
fs/nfs/callback_xdr.c;5775;0;0;0;0;0;0;0;0
fs/nfs/client.c;5828;0;0;0;0;0;0;0;0
fs/nfs/delegation.c;4984;0;0;0;0;0;0;0;0
fs/nfs/dir.c;11858;0;0;0;0;0;0;0;0
fs/nfs/direct.c;4351;0;0;0;0;0;0;0;0
fs/nfs/dns_resolve.c;2284;0;0;0;0;0;0;0;0
fs/nfs/export.c;830;0;0;0;0;0;0;0;0
fs/nfs/file.c;3328;0;0;0;0;0;0;0;0
fs/nfs/filelayout/filelayout.c;5423;0;0;0;0;0;0;0;0
fs/nfs/filelayout/filelayoutdev.c;1227;0;0;0;0;0;0;0;0
fs/nfs/flexfilelayout/flexfilelayout.c;11562;0;0;0;0;0;0;0;0
fs/nfs/flexfilelayout/flexfilelayoutdev.c;3173;0;0;0;0;0;0;0;0
fs/nfs/fscache-index.c;312;0;0;0;0;0;0;0;0
fs/nfs/fscache.c;2153;0;0;0;0;0;0;0;0
fs/nfs/getroot.c;467;0;0;0;0;0;0;0;0
fs/nfs/inode.c;10228;0;0;0;0;0;0;0;0
fs/nfs/io.c;339;0;0;0;0;0;0;0;0
fs/nfs/mount_clnt.c;2312;0;0;0;0;0;0;0;0
fs/nfs/namespace.c;1116;0;0;0;0;0;0;0;0
fs/nfs/nfs2super.c;93;0;0;0;0;0;0;0;0
fs/nfs/nfs2xdr.c;4514;0;0;0;0;0;0;0;0
fs/nfs/nfs3acl.c;1613;0;0;0;0;0;0;0;0
fs/nfs/nfs3client.c;473;0;0;0;0;0;0;0;0
fs/nfs/nfs3proc.c;5040;0;0;0;0;0;0;0;0
fs/nfs/nfs3super.c;102;0;0;0;0;0;0;0;0
fs/nfs/nfs3xdr.c;9271;0;0;0;0;0;0;0;0
fs/nfs/nfs42proc.c;4188;0;0;0;0;0;0;0;0
fs/nfs/nfs42xdr.c;3381;0;0;0;0;0;0;0;0
fs/nfs/nfs4client.c;4927;0;0;0;0;0;0;0;0
fs/nfs/nfs4file.c;1114;0;0;0;0;0;0;0;0
fs/nfs/nfs4getroot.c;163;0;0;0;0;0;0;0;0
fs/nfs/nfs4idmap.c;3484;0;0;0;0;0;0;0;0
fs/nfs/nfs4namespace.c;2217;0;0;0;0;0;0;0;0
fs/nfs/nfs4proc.c;48977;1;1;1;1;1;1;1;1
fs/nfs/nfs4renewd.c;484;0.133012320523331;0.167735118152404;0.242152259458566;0.0943180627589097;0.203151515351261;0.288073653839534;0.114659934011529;0.345832922278727
fs/nfs/nfs4session.c;2601;0.171069921374331;0.204335177755681;0.275628548501937;0.133999912823469;0.238264918829808;0.31962182122472;0.153487903673845;0.374954480233542
fs/nfs/nfs4state.c;11585;0.331928271879748;0.35882687049358;0.416475359401836;0.301953114941534;0.386262777668364;0.452048065759047;0.317711287302056;0.49678781572615
fs/nfs/nfs4super.c;1525;0;0;0;0;0;0;0;0
fs/nfs/nfs4sysctl.c;227;0;0;0;0;0;0;0;0
fs/nfs/nfs4trace.c;34;0;0;0;0;0;0;0;0
fs/nfs/nfs4xdr.c;40096;0;0;0;0;0;0;0;0
fs/nfs/nfsroot.c;809;0;0;0;0;0;0;0;0
fs/nfs/nfstrace.c;20;0;0;0;0;0;0;0;0
fs/nfs/pagelist.c;5318;0;0;0;0;0;0;0;0
fs/nfs/pnfs.c;14169;0;0;0;0;0;0;0;0
fs/nfs/pnfs_dev.c;1506;0;0;0;0;0;0;0;0
fs/nfs/pnfs_nfs.c;4380;0;0;0;0;0;0;0;0
fs/nfs/proc.c;3578;0;0;0;0;0;0;0;0
fs/nfs/read.c;2085;0;0;0;0;0;0;0;0
fs/nfs/super.c;13211;0;0;0;0;0;0;0;0
fs/nfs/symlink.c;291;0;0;0;0;0;0;0;0
fs/nfs/sysctl.c;199;0;0;0;0;0;0;0;0
fs/nfs/unlink.c;2212;0;0;0;0;0;0;0;0
fs/nfs/write.c;8721;0;0;0;0;0;0;0;0
fs/nfs_common/grace.c;411;0;0;0;0;0;0;0;0
fs/nfs_common/nfsacl.c;1306;0;0;0;0;0;0;0;0
fs/nfsd/auth.c;477;0;0;0;0;0;0;0;0
fs/nfsd/blocklayout.c;1887;0;0;0;0;0;0;0;0
fs/nfsd/blocklayoutxdr.c;1201;0;0;0;0;0;0;0;0
fs/nfsd/export.c;6768;0;0;0;0;0;0;0;0
fs/nfsd/fault_inject.c;679;0;0;0;0;0;0;0;0
fs/nfsd/flexfilelayout.c;567;0;0;0;0;0;0;0;0
fs/nfsd/flexfilelayoutxdr.c;573;0;0;0;0;0;0;0;0
fs/nfsd/lockd.c;216;0;0;0;0;0;0;0;0
fs/nfsd/nfs2acl.c;1954;0;0;0;0;0;0;0;0
fs/nfsd/nfs3acl.c;1376;0;0;0;0;0;0;0;0
fs/nfsd/nfs3proc.c;4654;0;0;0;0;0;0;0;0
fs/nfsd/nfs3xdr.c;6325;0.244060375506587;0.276451261079435;0.345870699410873;0.20796474493665;0.309489165493861;0.388692156859265;0.226940497729378;0.442506487406011
fs/nfsd/nfs4acl.c;4128;0.204971852284605;0.238989211269177;0.311894471883826;0.167063718525482;0.273686078449169;0.356866503824851;0.186992318294727;0.413384473451981
fs/nfsd/nfs4callback.c;5193;0.224216814627312;0.257528691571796;0.328921978490461;0.187094853232493;0.291505984470496;0.372960508233352;0.20661015609566;0.428302916513865
fs/nfsd/nfs4idmap.c;3452;0;0;0;0;0;0;0;0
fs/nfsd/nfs4layouts.c;3795;0;0;0;0;0;0;0;0
fs/nfsd/nfs4proc.c;13220;0;0;0;0;0;0;0;0
fs/nfsd/nfs4recover.c;6558;0;0;0;0;0;0;0;0
fs/nfsd/nfs4state.c;34524;0;0;0;0;0;0;0;0
fs/nfsd/nfs4xdr.c;23672;0;0;0;0;0;0;0;0
fs/nfsd/nfscache.c;2449;0;0;0;0;0;0;0;0
fs/nfsd/nfsctl.c;4993;0;0;0;0;0;0;0;0
fs/nfsd/nfsfh.c;2760;0;0;0;0;0;0;0;0
fs/nfsd/nfsproc.c;3882;0;0;0;0;0;0;0;0
fs/nfsd/nfssvc.c;3526;0;0;0;0;0;0;0;0
fs/nfsd/nfsxdr.c;3196;0;0;0;0;0;0;0;0
fs/nfsd/stats.c;357;0;0;0;0;0;0;0;0
fs/nfsd/trace.c;4;0;0;0;0;0;0;0;0
fs/nfsd/vfs.c;8870;0;0;0;0;0;0;0;0
fs/nilfs2/alloc.c;3360;0;0;0;0;0;0;0;0
fs/nilfs2/bmap.c;2036;0;0;0;0;0;0;0;0
fs/nilfs2/btnode.c;1125;0;0;0;0;0;0;0;0
fs/nilfs2/btree.c;12817;0;0;0;0;0;0;0;0
fs/nilfs2/cpfile.c;4400;0;0;0;0;0;0;0;0
fs/nilfs2/dat.c;2087;0;0;0;0;0;0;0;0
fs/nilfs2/dir.c;3399;0;0;0;0;0;0;0;0
fs/nilfs2/direct.c;1756;0;0;0;0;0;0;0;0
fs/nilfs2/file.c;559;0;0;0;0;0;0;0;0
fs/nilfs2/gcinode.c;585;0;0;0;0;0;0;0;0
fs/nilfs2/ifile.c;716;0;0;0;0;0;0;0;0
fs/nilfs2/inode.c;5359;0;0;0;0;0;0;0;0
fs/nilfs2/ioctl.c;4914;0;0;0;0;0;0;0;0
fs/nilfs2/mdt.c;2544;0;0;0;0;0;0;0;0
fs/nilfs2/namei.c;2511;0;0;0;0;0;0;0;0
fs/nilfs2/page.c;2496;0;0;0;0;0;0;0;0
fs/nilfs2/recovery.c;3928;0;0;0;0;0;0;0;0
fs/nilfs2/segbuf.c;2350;0;0;0;0;0;0;0;0
fs/nilfs2/segment.c;12941;0;0;0;0;0;0;0;0
fs/nilfs2/sufile.c;5196;0;0;0;0;0;0;0;0
fs/nilfs2/super.c;6618;0;0;0;0;0;0;0;0
fs/nilfs2/sysfs.c;4733;0;0;0;0;0;0;0;0
fs/nilfs2/the_nilfs.c;3863;0;0;0;0;0;0;0;0
fs/nls/mac-celtic.c;861;0;0;0;0;0;0;0;0
fs/nls/mac-centeuro.c;841;0;0;0;0;0;0;0;0
fs/nls/mac-croatian.c;861;0;0;0;0;0;0;0;0
fs/nls/mac-cyrillic.c;831;0;0;0;0;0;0;0;0
fs/nls/mac-gaelic.c;851;0;0;0;0;0;0;0;0
fs/nls/mac-greek.c;831;0;0;0;0;0;0;0;0
fs/nls/mac-iceland.c;861;0;0;0;0;0;0;0;0
fs/nls/mac-inuit.c;841;0;0;0;0;0;0;0;0
fs/nls/mac-roman.c;871;0;0;0;0;0;0;0;0
fs/nls/mac-romanian.c;861;0;0;0;0;0;0;0;0
fs/nls/mac-turkish.c;861;0;0;0;0;0;0;0;0
fs/nls/nls_ascii.c;271;0;0;0;0;0;0;0;0
fs/nls/nls_base.c;1652;0;0;0;0;0;0;0;0
fs/nls/nls_cp1250.c;389;0;0;0;0;0;0;0;0
fs/nls/nls_cp1251.c;379;0;0;0;0;0;0;0;0
fs/nls/nls_cp1255.c;411;0;0;0;0;0;0;0;0
fs/nls/nls_cp437.c;409;0;0;0;0;0;0;0;0
fs/nls/nls_cp737.c;389;0;0;0;0;0;0;0;0
fs/nls/nls_cp775.c;389;0;0;0;0;0;0;0;0
fs/nls/nls_cp850.c;379;0;0;0;0;0;0;0;0
fs/nls/nls_cp852.c;379;0;0;0;0;0;0;0;0
fs/nls/nls_cp855.c;379;0;0;0;0;0;0;0;0
fs/nls/nls_cp857.c;369;0;0;0;0;0;0;0;0
fs/nls/nls_cp860.c;399;0;0;0;0;0;0;0;0
fs/nls/nls_cp861.c;409;0;0;0;0;0;0;0;0
fs/nls/nls_cp862.c;419;0;0;0;0;0;0;0;0
fs/nls/nls_cp863.c;409;0;0;0;0;0;0;0;0
fs/nls/nls_cp864.c;831;0;0;0;0;0;0;0;0
fs/nls/nls_cp865.c;409;0;0;0;0;0;0;0;0
fs/nls/nls_cp866.c;389;0;0;0;0;0;0;0;0
fs/nls/nls_cp869.c;379;0;0;0;0;0;0;0;0
fs/nls/nls_cp874.c;381;0;0;0;0;0;0;0;0
fs/nls/nls_cp932.c;2974;0;0;0;0;0;0;0;0
fs/nls/nls_cp936.c;3742;0;0;0;0;0;0;0;0
fs/nls/nls_cp949.c;4034;0;0;0;0;0;0;0;0
fs/nls/nls_cp950.c;3229;0;0;0;0;0;0;0;0
fs/nls/nls_euc-jp.c;2499;0;0;0;0;0;0;0;0
fs/nls/nls_iso8859-1.c;285;0;0;0;0;0;0;0;0
fs/nls/nls_iso8859-13.c;369;0;0;0;0;0;0;0;0
fs/nls/nls_iso8859-14.c;385;0;0;0;0;0;0;0;0
fs/nls/nls_iso8859-15.c;385;0;0;0;0;0;0;0;0
fs/nls/nls_iso8859-2.c;305;0;0;0;0;0;0;0;0
fs/nls/nls_iso8859-3.c;305;0.152993709304389;0.194325469664838;0.282906795514015;0.106934581053;0.236482845850102;0.337512776145379;0.131148221810806;0.406034702021363
fs/nls/nls_iso8859-4.c;305;0.153193557567883;0.194581188603197;0.283282255262167;0.107072168368577;0.236795551498863;0.337961644080336;0.13131854018933;0.406574516413122
fs/nls/nls_iso8859-5.c;369;0.154537900949752;0.195935650008517;0.284658401394303;0.108405236466361;0.238160333038558;0.339350689230603;0.13265753579136;0.407978398631066
fs/nls/nls_iso8859-6.c;295;0.153414426732624;0.194920947969454;0.283876817510974;0.107160549127509;0.237256575938427;0.338712477260355;0.131476571130205;0.407519134598798
fs/nls/nls_iso8859-7.c;379;0.155116424838985;0.196618766395699;0.285565678138105;0.108867204969733;0.238950131194039;0.340395327790408;0.133180778364581;0.409193038012425
fs/nls/nls_iso8859-9.c;295;0;0;0;0;0;0;0;0
fs/nls/nls_koi8-r.c;389;0;0;0;0;0;0;0;0
fs/nls/nls_koi8-ru.c;307;0;0;0;0;0;0;0;0
fs/nls/nls_koi8-u.c;389;0;0;0;0;0;0;0;0
fs/nls/nls_utf8.c;248;0;0;0;0;0;0;0;0
fs/no-block.c;42;0;0;0;0;0;0;0;0
fs/notify/dnotify/dnotify.c;1451;0;0;0;0;0;0;0;0
fs/notify/fanotify/fanotify.c;1213;0;0;0;0;0;0;0;0
fs/notify/fanotify/fanotify_user.c;4068;0;0;0;0;0;0;0;0
fs/notify/fdinfo.c;764;0;0;0;0;0;0;0;0
fs/notify/fsnotify.c;1500;0;0;0;0;0;0;0;0
fs/notify/group.c;379;0;0;0;0;0;0;0;0
fs/notify/inotify/inotify_fsnotify.c;735;0;0;0;0;0;0;0;0
fs/notify/inotify/inotify_user.c;3215;0;0;0;0;0;0;0;0
fs/notify/mark.c;2799;0;0;0;0;0;0;0;0
fs/notify/notification.c;599;0;0;0;0;0;0;0;0
fs/nsfs.c;1413;0;0;0;0;0;0;0;0
fs/ntfs/aops.c;6653;0;0;0;0;0;0;0;0
fs/ntfs/attrib.c;9800;0;0;0;0;0;0;0;0
fs/ntfs/bitmap.c;618;0;0;0;0;0;0;0;0
fs/ntfs/collate.c;394;0;0;0;0;0;0;0;0
fs/ntfs/compress.c;3228;0;0;0;0;0;0;0;0
fs/ntfs/debug.c;577;0;0;0;0;0;0;0;0
fs/ntfs/dir.c;6493;0;0;0;0;0;0;0;0
fs/ntfs/file.c;8161;0;0;0;0;0;0;0;0
fs/ntfs/index.c;1867;0;0;0;0;0;0;0;0
fs/ntfs/inode.c;12530;0;0;0;0;0;0;0;0
fs/ntfs/lcnalloc.c;3622;0;0;0;0;0;0;0;0
fs/ntfs/logfile.c;2933;0;0;0;0;0;0;0;0
fs/ntfs/mft.c;12002;0;0;0;0;0;0;0;0
fs/ntfs/mst.c;516;0;0;0;0;0;0;0;0
fs/ntfs/namei.c;1410;0;0;0;0;0;0;0;0
fs/ntfs/quota.c;348;0;0;0;0;0;0;0;0
fs/ntfs/runlist.c;6995;0;0;0;0;0;0;0;0
fs/ntfs/super.c;13325;0;0;0;0;0;0;0;0
fs/ntfs/sysctl.c;150;0;0;0;0;0;0;0;0
fs/ntfs/unistr.c;1302;0;0;0;0;0;0;0;0
fs/ntfs/upcase.c;269;0;0;0;0;0;0;0;0
fs/ntfs/usnjrnl.c;208;0;0;0;0;0;0;0;0
fs/ocfs2/acl.c;1888;0;0;0;0;0;0;0;0
fs/ocfs2/alloc.c;30603;0;0;0;0;0;0;0;0
fs/ocfs2/aops.c;10046;0;0;0;0;0;0;0;0
fs/ocfs2/blockcheck.c;1966;0;0;0;0;0;0;0;0
fs/ocfs2/buffer_head_io.c;1526;0;0;0;0;0;0;0;0
fs/ocfs2/cluster/heartbeat.c;10722;0;0;0;0;0;0;0;0
fs/ocfs2/cluster/masklog.c;798;0;0;0;0;0;0;0;0
fs/ocfs2/cluster/netdebug.c;2337;0;0;0;0;0;0;0;0
fs/ocfs2/cluster/nodemanager.c;3749;0;0;0;0;0;0;0;0
fs/ocfs2/cluster/quorum.c;1165;0;0;0;0;0;0;0;0
fs/ocfs2/cluster/sys.c;194;0;0;0;0;0;0;0;0
fs/ocfs2/cluster/tcp.c;9739;0;0;0;0;0;0;0;0
fs/ocfs2/dcache.c;1390;0;0;0;0;0;0;0;0
fs/ocfs2/dir.c;19207;0;0;0;0;0;0;0;0
fs/ocfs2/dlm/dlmast.c;2410;0;0;0;0;0;0;0;0
fs/ocfs2/dlm/dlmconvert.c;2426;0;0;0;0;0;0;0;0
fs/ocfs2/dlm/dlmdebug.c;4955;0;0;0;0;0;0;0;0
fs/ocfs2/dlm/dlmdomain.c;10239;0;0;0;0;0;0;0;0
fs/ocfs2/dlm/dlmlock.c;3051;0;0;0;0;0;0;0;0
fs/ocfs2/dlm/dlmmaster.c;15856;0;0;0;0;0;0;0;0
fs/ocfs2/dlm/dlmrecovery.c;13426;0;0;0;0;0;0;0;0
fs/ocfs2/dlm/dlmthread.c;3733;0;0;0;0;0;0;0;0
fs/ocfs2/dlm/dlmunlock.c;2775;0;0;0;0;0;0;0;0
fs/ocfs2/dlmfs/dlmfs.c;2582;0;0;0;0;0;0;0;0
fs/ocfs2/dlmfs/userdlm.c;2736;0;0;0;0;0;0;0;0
fs/ocfs2/dlmglue.c;17500;0;0;0;0;0;0;0;0
fs/ocfs2/export.c;1111;0;0;0;0;0;0;0;0
fs/ocfs2/extent_map.c;4395;0;0;0;0;0;0;0;0
fs/ocfs2/file.c;11373;0;0;0;0;0;0;0;0
fs/ocfs2/filecheck.c;2242;0;0;0;0;0;0;0;0
fs/ocfs2/heartbeat.c;408;0;0;0;0;0;0;0;0
fs/ocfs2/inode.c;7089;0;0;0;0;0;0;0;0
fs/ocfs2/ioctl.c;4420;0;0;0;0;0;0;0;0
fs/ocfs2/journal.c;9296;0;0;0;0;0;0;0;0
fs/ocfs2/localalloc.c;4888;0;0;0;0;0;0;0;0
fs/ocfs2/locks.c;523;0;0;0;0;0;0;0;0
fs/ocfs2/mmap.c;618;0;0;0;0;0;0;0;0
fs/ocfs2/move_extents.c;4323;0;0;0;0;0;0;0;0
fs/ocfs2/namei.c;12683;0;0;0;0;0;0;0;0
fs/ocfs2/quota_global.c;5248;0;0;0;0;0;0;0;0
fs/ocfs2/quota_local.c;6630;0;0;0;0;0;0;0;0
fs/ocfs2/refcounttree.c;20997;0;0;0;0;0;0;0;0
fs/ocfs2/reservations.c;2985;0;0;0;0;0;0;0;0
fs/ocfs2/resize.c;2872;0;0;0;0;0;0;0;0
fs/ocfs2/slot_map.c;2334;0;0;0;0;0;0;0;0
fs/ocfs2/stack_o2cb.c;1710;0;0;0;0;0;0;0;0
fs/ocfs2/stack_user.c;4332;0;0;0;0;0;0;0;0
fs/ocfs2/stackglue.c;2682;0;0;0;0;0;0;0;0
fs/ocfs2/suballoc.c;12793;0;0;0;0;0;0;0;0
fs/ocfs2/super.c;11919;0;0;0;0;0;0;0;0
fs/ocfs2/symlink.c;230;0;0;0;0;0;0;0;0
fs/ocfs2/sysfile.c;610;0;0;0;0;0;0;0;0
fs/ocfs2/uptodate.c;2219;0;0;0;0;0;0;0;0
fs/ocfs2/xattr.c;32272;0;0;0;0;0;0;0;0
fs/omfs/bitmap.c;904;0;0;0;0;0;0;0;0
fs/omfs/dir.c;2302;0;0;0;0;0;0;0;0
fs/omfs/file.c;1788;0;0;0;0;0;0;0;0
fs/omfs/inode.c;3100;0;0;0;0;0;0;0;0
fs/open.c;5111;0;0;0;0;0;0;0;0
fs/openpromfs/inode.c;2071;0;0;0;0;0;0;0;0
fs/orangefs/acl.c;708;0;0;0;0;0;0;0;0
fs/orangefs/dcache.c;494;0;0;0;0;0;0;0;0
fs/orangefs/devorangefs-req.c;2922;0;0;0;0;0;0;0;0
fs/orangefs/dir.c;1654;0;0;0;0;0;0;0;0
fs/orangefs/file.c;2473;0;0;0;0;0;0;0;0
fs/orangefs/inode.c;1890;0;0;0;0;0;0;0;0
fs/orangefs/namei.c;2025;0;0;0;0;0;0;0;0
fs/orangefs/orangefs-bufmap.c;2186;0;0;0;0;0;0;0;0
fs/orangefs/orangefs-cache.c;640;0;0;0;0;0;0;0;0
fs/orangefs/orangefs-debugfs.c;3765;0;0;0;0;0;0;0;0
fs/orangefs/orangefs-mod.c;670;0;0;0;0;0;0;0;0
fs/orangefs/orangefs-sysfs.c;4976;0;0;0;0;0;0;0;0
fs/orangefs/orangefs-utils.c;2581;0;0;0;0;0;0;0;0
fs/orangefs/super.c;2673;0;0;0;0;0;0;0;0
fs/orangefs/symlink.c;44;0;0;0;0;0;0;0;0
fs/orangefs/waitqueue.c;1166;0;0;0;0;0;0;0;0
fs/orangefs/xattr.c;1816;0;0;0;0;0;0;0;0
fs/overlayfs/copy_up.c;3993;0;0;0;0;0;0;0;0
fs/overlayfs/dir.c;5552;0;0;0;0;0;0;0;0
fs/overlayfs/export.c;2980;0;0;0;0;0;0;0;0
fs/overlayfs/file.c;2367;0;0;0;0;0;0;0;0
fs/overlayfs/inode.c;3725;0;0;0;0;0;0;0;0
fs/overlayfs/namei.c;4883;0;0;0;0;0;0;0;0
fs/overlayfs/readdir.c;5530;0;0;0;0;0;0;0;0
fs/overlayfs/super.c;7167;0;0;0;0;0;0;0;0
fs/overlayfs/util.c;3644;0;0;0;0;0;0;0;0
fs/pipe.c;4834;0;0;0;0;0;0;0;0
fs/pnode.c;2527;0;0;0;0;0;0;0;0
fs/posix_acl.c;4009;0;0;0;0;0;0;0;0
fs/proc/array.c;3919;0;0;0;0;0;0;0;0
fs/proc/base.c;16367;0;0;0;0;0;0;0;0
fs/proc/cmdline.c;68;0;0;0;0;0;0;0;0
fs/proc/consoles.c;462;0;0;0;0;0;0;0;0
fs/proc/cpuinfo.c;111;0;0;0;0;0;0;0;0
fs/proc/devices.c;242;0;0;0;0;0;0;0;0
fs/proc/fd.c;1664;0;0;0;0;0;0;0;0
fs/proc/generic.c;3687;0;0;0;0;0;0;0;0
fs/proc/inode.c;2599;0;0;0;0;0;0;0;0
fs/proc/interrupts.c;151;0;0;0;0;0;0;0;0
fs/proc/kcore.c;2877;0.227566408553687;0.275048990741224;0.376812623556133;0.174652951115381;0.323480053489841;0.439484262684453;0.202469965859379;0.517952885807692
fs/proc/kmsg.c;255;0.180877722436245;0.230290604236307;0.336191213010443;0.125813185134861;0.280690524981919;0.401415245329611;0.154761039237382;0.483092921445397
fs/proc/loadavg.c;158;0.179342945285952;0.22888104162318;0.335050007457869;0.124138871889903;0.279408678108484;0.40043915717261;0.15316008119903;0.482323133038092
fs/proc/meminfo.c;875;0.192364715422493;0.241446109761704;0.346636281851592;0.137669579843656;0.29150792147286;0.411420947972855;0.166423236597147;0.49254320729509
fs/proc/namespaces.c;844;0.192010198863023;0.241169625317629;0.346527034132502;0.13722810615535;0.29131102786195;0.411414417569144;0.166027476945535;0.49266448883354
fs/proc/nommu.c;464;0;0;0;0;0;0;0;0
fs/proc/page.c;1342;0;0;0;0;0;0;0;0
fs/proc/proc_net.c;1461;0;0;0;0;0;0;0;0
fs/proc/proc_sysctl.c;8144;0;0;0;0;0;0;0;0
fs/proc/proc_tty.c;830;0;0;0;0;0;0;0;0
fs/proc/root.c;897;0;0;0;0;0;0;0;0
fs/proc/self.c;354;0;0;0;0;0;0;0;0
fs/proc/softirqs.c;138;0;0;0;0;0;0;0;0
fs/proc/stat.c;1129;0;0;0;0;0;0;0;0
fs/proc/task_mmu.c;8819;0;0;0;0;0;0;0;0
fs/proc/task_nommu.c;1483;0;0;0;0;0;0;0;0
fs/proc/thread_self.c;370;0;0;0;0;0;0;0;0
fs/proc/uptime.c;174;0;0;0;0;0;0;0;0
fs/proc/util.c;110;0;0;0;0;0;0;0;0
fs/proc/version.c;83;0;0;0;0;0;0;0;0
fs/proc/vmcore.c;6313;0;0;0;0;0;0;0;0
fs/proc_namespace.c;1811;0;0;0;0;0;0;0;0
fs/pstore/ftrace.c;541;0;0;0;0;0;0;0;0
fs/pstore/inode.c;2168;0;0;0;0;0;0;0;0
fs/pstore/platform.c;2903;0;0;0;0;0;0;0;0
fs/pstore/pmsg.c;363;0;0;0;0;0;0;0;0
fs/pstore/ram.c;4530;0;0;0;0;0;0;0;0
fs/pstore/ram_core.c;2870;0;0;0;0;0;0;0;0
fs/qnx4/bitmap.c;148;0;0;0;0;0;0;0;0
fs/qnx4/dir.c;400;0;0;0;0;0;0;0;0
fs/qnx4/inode.c;2119;0;0;0;0;0;0;0;0
fs/qnx4/namei.c;560;0;0;0;0;0;0;0;0
fs/qnx6/dir.c;1432;0;0;0;0;0;0;0;0
fs/qnx6/inode.c;3495;0.245212932235789;0.294097447653675;0.3988656731405;0.190737193832592;0.343958447720787;0.463375490773361;0.21937551179015;0.544110415682335
fs/qnx6/namei.c;144;0.185487731410604;0.23682369773604;0.346845819252243;0.128280154567231;0.2891851172677;0.41459726732536;0.158354621169152;0.49940817873739
fs/qnx6/super_mmi.c;715;0.195898622058352;0.24688225962181;0.356149277832502;0.139083671986571;0.298884312505884;0.423434278853174;0.168951731651146;0.507657098265901
fs/quota/compat.c;555;0.193237232525907;0.244391122392769;0.354023021620694;0.136232557346627;0.296566828427311;0.421532703749852;0.166200356970904;0.506036743092195
fs/quota/dquot.c;13811;0.430490632182872;0.472223874800261;0.561665648651521;0.383984101677095;0.514790752985681;0.61671577740623;0.408432945268156;0.685546605982713
fs/quota/kqid.c;404;0;0;0;0;0;0;0;0
fs/quota/netlink.c;412;0;0;0;0;0;0;0;0
fs/quota/quota.c;5047;0;0;0;0;0;0;0;0
fs/quota/quota_tree.c;3967;0;0;0;0;0;0;0;0
fs/quota/quota_v1.c;1350;0;0;0;0;0;0;0;0
fs/quota/quota_v2.c;2403;0;0;0;0;0;0;0;0
fs/ramfs/file-mmu.c;122;0;0;0;0;0;0;0;0
fs/ramfs/file-nommu.c;981;0;0;0;0;0;0;0;0
fs/ramfs/inode.c;1109;0;0;0;0;0;0;0;0
fs/read_write.c;9972;0;0;0;0;0;0;0;0
fs/readdir.c;2492;0;0;0;0;0;0;0;0
fs/reiserfs/bitmap.c;6539;0;0;0;0;0;0;0;0
fs/reiserfs/dir.c;1364;0;0;0;0;0;0;0;0
fs/reiserfs/do_balan.c;9739;0;0;0;0;0;0;0;0
fs/reiserfs/file.c;1025;0;0;0;0;0;0;0;0
fs/reiserfs/fix_node.c;11543;0;0;0;0;0;0;0;0
fs/reiserfs/hashes.c;1104;0;0;0;0;0;0;0;0
fs/reiserfs/ibalance.c;5522;0;0;0;0;0;0;0;0
fs/reiserfs/inode.c;13525;0;0;0;0;0;0;0;0
fs/reiserfs/ioctl.c;859;0;0;0;0;0;0;0;0
fs/reiserfs/item_ops.c;3247;0;0;0;0;0;0;0;0
fs/reiserfs/journal.c;17890;0;0;0;0;0;0;0;0
fs/reiserfs/lbalance.c;6237;0;0;0;0;0;0;0;0
fs/reiserfs/lock.c;295;0;0;0;0;0;0;0;0
fs/reiserfs/namei.c;6804;0;0;0;0;0;0;0;0
fs/reiserfs/objectid.c;921;0;0;0;0;0;0;0;0
fs/reiserfs/prints.c;4019;0;0;0;0;0;0;0;0
fs/reiserfs/procfs.c;2064;0;0;0;0;0;0;0;0
fs/reiserfs/resize.c;944;0;0;0;0;0;0;0;0
fs/reiserfs/stree.c;8110;0;0;0;0;0;0;0;0
fs/reiserfs/super.c;11899;0;0;0;0;0;0;0;0
fs/reiserfs/tail_conversion.c;1056;0;0;0;0;0;0;0;0
fs/reiserfs/xattr.c;4379;0;0;0;0;0;0;0;0
fs/reiserfs/xattr_acl.c;1656;0;0;0;0;0;0;0;0
fs/reiserfs/xattr_security.c;473;0;0;0;0;0;0;0;0
fs/reiserfs/xattr_trusted.c;212;0;0;0;0;0;0;0;0
fs/reiserfs/xattr_user.c;197;0;0;0;0;0;0;0;0
fs/romfs/mmap-nommu.c;369;0;0;0;0;0;0;0;0
fs/romfs/storage.c;1191;0;0;0;0;0;0;0;0
fs/romfs/super.c;2510;0;0;0;0;0;0;0;0
fs/select.c;6485;0;0;0;0;0;0;0;0
fs/seq_file.c;4409;0;0;0;0;0;0;0;0
fs/signalfd.c;1532;0;0;0;0;0;0;0;0
fs/splice.c;6674;0;0;0;0;0;0;0;0
fs/squashfs/block.c;958;0;0;0;0;0;0;0;0
fs/squashfs/cache.c;1736;0;0;0;0;0;0;0;0
fs/squashfs/decompressor.c;517;0;0;0;0;0;0;0;0
fs/squashfs/decompressor_multi.c;733;0;0;0;0;0;0;0;0
fs/squashfs/decompressor_multi_percpu.c;384;0;0;0;0;0;0;0;0
fs/squashfs/decompressor_single.c;298;0;0;0;0;0;0;0;0
fs/squashfs/dir.c;825;0;0;0;0;0;0;0;0
fs/squashfs/export.c;491;0;0;0;0;0;0;0;0
fs/squashfs/file.c;2098;0;0;0;0;0;0;0;0
fs/squashfs/file_cache.c;108;0;0;0;0;0;0;0;0
fs/squashfs/file_direct.c;794;0;0;0;0;0;0;0;0
fs/squashfs/fragment.c;234;0;0;0;0;0;0;0;0
fs/squashfs/id.c;231;0;0;0;0;0;0;0;0
fs/squashfs/inode.c;2162;0;0;0;0;0;0;0;0
fs/squashfs/lz4_wrapper.c;567;0;0;0;0;0;0;0;0
fs/squashfs/lzo_wrapper.c;491;0;0;0;0;0;0;0;0
fs/squashfs/namei.c;898;0;0;0;0;0;0;0;0
fs/squashfs/page_actor.c;384;0;0;0;0;0;0;0;0
fs/squashfs/super.c;2132;0;0;0;0;0;0;0;0
fs/squashfs/symlink.c;388;0;0;0;0;0;0;0;0
fs/squashfs/xattr.c;1211;0;0;0;0;0;0;0;0
fs/squashfs/xattr_id.c;295;0;0;0;0;0;0;0;0
fs/squashfs/xz_wrapper.c;765;0;0;0;0;0;0;0;0
fs/squashfs/zlib_wrapper.c;475;0;0;0;0;0;0;0;0
fs/squashfs/zstd_wrapper.c;591;0;0;0;0;0;0;0;0
fs/stack.c;260;0;0;0;0;0;0;0;0
fs/stat.c;3600;0;0;0;0;0;0;0;0
fs/statfs.c;2244;0;0;0;0;0;0;0;0
fs/super.c;5972;0;0;0;0;0;0;0;0
fs/sync.c;1158;0;0;0;0;0;0;0;0
fs/sysfs/dir.c;517;0;0;0;0;0;0;0;0
fs/sysfs/file.c;2239;0;0;0;0;0;0;0;0
fs/sysfs/group.c;1661;0;0;0;0;0;0;0;0
fs/sysfs/mount.c;275;0;0;0;0;0;0;0;0
fs/sysfs/symlink.c;606;0;0;0;0;0;0;0;0
fs/sysv/balloc.c;1016;0;0;0;0;0;0;0;0
fs/sysv/dir.c;1955;0;0;0;0;0;0;0;0
fs/sysv/file.c;171;0;0;0;0;0;0;0;0
fs/sysv/ialloc.c;1165;0;0;0;0;0;0;0;0
fs/sysv/inode.c;2016;0;0;0;0;0;0;0;0
fs/sysv/itree.c;2693;0;0;0;0;0;0;0;0
fs/sysv/namei.c;1232;0;0;0;0;0;0;0;0
fs/sysv/super.c;3198;0;0;0;0;0;0;0;0
fs/timerfd.c;2694;0;0;0;0;0;0;0;0
fs/tracefs/inode.c;2301;0;0;0;0;0;0;0;0
fs/ubifs/auth.c;1718;0;0;0;0;0;0;0;0
fs/ubifs/budget.c;2297;0;0;0;0;0;0;0;0
fs/ubifs/commit.c;2813;0;0;0;0;0;0;0;0
fs/ubifs/compress.c;724;0;0;0;0;0;0;0;0
fs/ubifs/crypto.c;441;0;0;0;0;0;0;0;0
fs/ubifs/debug.c;15042;0;0;0;0;0;0;0;0
fs/ubifs/dir.c;7610;0;0;0;0;0;0;0;0
fs/ubifs/file.c;6405;0;0;0;0;0;0;0;0
fs/ubifs/find.c;3878;0;0;0;0;0;0;0;0
fs/ubifs/gc.c;3760;0;0;0;0;0;0;0;0
fs/ubifs/io.c;5198;0;0;0;0;0;0;0;0
fs/ubifs/ioctl.c;812;0;0;0;0;0;0;0;0
fs/ubifs/journal.c;8448;0.354970040686625;0.406236021351884;0.51610815113014;0.297840454194249;0.458526057236249;0.583716394182446;0.327873920664094;0.668201490319668
fs/ubifs/log.c;3158;0.260570214321915;0.315673808255565;0.433770626952119;0.199164083105421;0.371878115025035;0.5064537391643;0.231445762287181;0.597320698453247
fs/ubifs/lprops.c;5774;0.307551300548997;0.360840625530923;0.475049142645615;0.248166947393761;0.415194422715705;0.545332350775119;0.279385762176522;0.633179285240355
fs/ubifs/lpt.c;11696;0.413652712734649;0.462764358365194;0.568019364361782;0.358923865838048;0.51285702564741;0.63277699166438;0.387695244892607;0.71367237567388
fs/ubifs/lpt_commit.c;8931;0;0;0;0;0;0;0;0
fs/ubifs/master.c;2269;0;0;0;0;0;0;0;0
fs/ubifs/misc.c;282;0;0;0;0;0;0;0;0
fs/ubifs/orphan.c;4013;0;0;0;0;0;0;0;0
fs/ubifs/recovery.c;5683;0;0;0;0;0;0;0;0
fs/ubifs/replay.c;4558;0;0;0;0;0;0;0;0
fs/ubifs/sb.c;4347;0;0;0;0;0;0;0;0
fs/ubifs/scan.c;1345;0;0;0;0;0;0;0;0
fs/ubifs/shrinker.c;919;0;0;0;0;0;0;0;0
fs/ubifs/super.c;10620;0;0;0;0;0;0;0;0
fs/ubifs/tnc.c;14411;0;0;0;0;0;0;0;0
fs/ubifs/tnc_commit.c;4482;0;0;0;0;0;0;0;0
fs/ubifs/tnc_misc.c;2027;0;0;0;0;0;0;0;0
fs/ubifs/xattr.c;2939;0;0;0;0;0;0;0;0
fs/udf/balloc.c;3635;0;0;0;0;0;0;0;0
fs/udf/dir.c;1047;0;0;0;0;0;0;0;0
fs/udf/directory.c;1316;0;0;0;0;0;0;0;0
fs/udf/file.c;1318;0;0;0;0;0;0;0;0
fs/udf/ialloc.c;681;0;0;0;0;0;0;0;0
fs/udf/inode.c;13271;0;0;0;0;0;0;0;0
fs/udf/lowlevel.c;193;0;0;0;0;0;0;0;0
fs/udf/misc.c;1463;0;0;0;0;0;0;0;0
fs/udf/namei.c;7799;0;0;0;0;0;0;0;0
fs/udf/partition.c;1742;0;0;0;0;0;0;0;0
fs/udf/super.c;11641;0;0;0;0;0;0;0;0
fs/udf/symlink.c;693;0;0;0;0;0;0;0;0
fs/udf/truncate.c;1510;0;0;0;0;0;0;0;0
fs/udf/udftime.c;332;0;0;0;0;0;0;0;0
fs/udf/unicode.c;1802;0;0;0;0;0;0;0;0
fs/ufs/balloc.c;5439;0;0;0;0;0;0;0;0
fs/ufs/cylinder.c;1128;0;0;0;0;0;0;0;0
fs/ufs/dir.c;3442;0;0;0;0;0;0;0;0
fs/ufs/file.c;49;0;0;0;0;0;0;0;0
fs/ufs/ialloc.c;1707;0;0;0;0;0;0;0;0
fs/ufs/inode.c;7173;0;0;0;0;0;0;0;0
fs/ufs/namei.c;1418;0;0;0;0;0;0;0;0
fs/ufs/super.c;8640;0;0;0;0;0;0;0;0
fs/ufs/util.c;1480;0;0;0;0;0;0;0;0
fs/userfaultfd.c;7475;0;0;0;0;0;0;0;0
fs/utimes.c;1522;0;0;0;0;0;0;0;0
fs/xattr.c;4553;0;0;0;0;0;0;0;0
fs/xfs/kmem.c;423;0;0;0;0;0;0;0;0
fs/xfs/libxfs/xfs_ag.c;2343;0;0;0;0;0;0;0;0
fs/xfs/libxfs/xfs_ag_resv.c;1257;0;0;0;0;0;0;0;0
fs/xfs/libxfs/xfs_alloc.c;13080;0;0;0;0;0;0;0;0
fs/xfs/libxfs/xfs_alloc_btree.c;2339;0;0;0;0;0;0;0;0
fs/xfs/libxfs/xfs_attr.c;4627;0;0;0;0;0;0;0;0
fs/xfs/libxfs/xfs_attr_leaf.c;13959;0;0;0;0;0;0;0;0
fs/xfs/libxfs/xfs_attr_remote.c;2491;0;0;0;0;0;0;0;0
fs/xfs/libxfs/xfs_bit.c;371;0;0;0;0;0;0;0;0
fs/xfs/libxfs/xfs_bmap.c;27228;0;0;0;0;0;0;0;0
fs/xfs/libxfs/xfs_bmap_btree.c;2864;0;0;0;0;0;0;0;0
fs/xfs/libxfs/xfs_btree.c;19598;0;0;0;0;0;0;0;0
fs/xfs/libxfs/xfs_da_btree.c;12528;0;0;0;0;0;0;0;0
fs/xfs/libxfs/xfs_da_format.c;3774;0;0;0;0;0;0;0;0
fs/xfs/libxfs/xfs_defer.c;1477;0;0;0;0;0;0;0;0
fs/xfs/libxfs/xfs_dir2.c;2807;0;0;0;0;0;0;0;0
fs/xfs/libxfs/xfs_dir2_block.c;5790;0;0;0;0;0;0;0;0
fs/xfs/libxfs/xfs_dir2_data.c;5394;0;0;0;0;0;0;0;0
fs/xfs/libxfs/xfs_dir2_leaf.c;7784;0;0;0;0;0;0;0;0
fs/xfs/libxfs/xfs_dir2_node.c;9475;0;0;0;0;0;0;0;0
fs/xfs/libxfs/xfs_dir2_sf.c;5184;0;0;0;0;0;0;0;0
fs/xfs/libxfs/xfs_dquot_buf.c;983;0;0;0;0;0;0;0;0
fs/xfs/libxfs/xfs_ialloc.c;10395;0;0;0;0;0;0;0;0
fs/xfs/libxfs/xfs_ialloc_btree.c;2430;0;0;0;0;0;0;0;0
fs/xfs/libxfs/xfs_iext_tree.c;4756;0;0;0;0;0;0;0;0
fs/xfs/libxfs/xfs_inode_buf.c;3720;0;0;0;0;0;0;0;0
fs/xfs/libxfs/xfs_inode_fork.c;2954;0;0;0;0;0;0;0;0
fs/xfs/libxfs/xfs_log_rlimit.c;387;0;0;0;0;0;0;0;0
fs/xfs/libxfs/xfs_refcount.c;6677;0;0;0;0;0;0;0;0
fs/xfs/libxfs/xfs_refcount_btree.c;1899;0;0;0;0;0;0;0;0
fs/xfs/libxfs/xfs_rmap.c;11301;0;0;0;0;0;0;0;0
fs/xfs/libxfs/xfs_rmap_btree.c;2438;0;0;0;0;0;0;0;0
fs/xfs/libxfs/xfs_rtbitmap.c;3651;0;0;0;0;0;0;0;0
fs/xfs/libxfs/xfs_sb.c;5511;0.318036608947442;0.375760120021088;0.499471887895998;0.253710904538158;0.434636677657249;0.57558277308762;0.287527425978992;0.670654400290777
fs/xfs/libxfs/xfs_symlink_remote.c;954;0.236744828235373;0.297781941741671;0.428595349959543;0.16872652428306;0.360038292134383;0.50908808523859;0.204484273927549;0.609669885246142
fs/xfs/libxfs/xfs_trans_resv.c;2535;0.26521728246998;0.325180033184157;0.453690890537049;0.198396222796625;0.386340560026362;0.532762268445541;0.233524571843;0.631554875156649
fs/xfs/libxfs/xfs_types.c;637;0.231475697379158;0.292851170836728;0.424389744710177;0.163080333164837;0.355452640034625;0.505329005838912;0.199036306311917;0.606469678078081
fs/xfs/scrub/agheader.c;4588;0.302330236466098;0.360937069258834;0.486541952944588;0.237020179394553;0.420714593262737;0.563819126550372;0.271354182660334;0.660352179677037
fs/xfs/scrub/agheader_repair.c;3901;0.290244644943283;0.349398474528418;0.476175669789663;0.224325027688612;0.409733921769758;0.554175779689718;0.258979481467783;0.651616765997081
fs/xfs/scrub/alloc.c;654;0;0;0;0;0;0;0;0
fs/xfs/scrub/attr.c;2095;0;0;0;0;0;0;0;0
fs/xfs/scrub/bitmap.c;954;0;0;0;0;0;0;0;0
fs/xfs/scrub/bmap.c;3089;0;0;0;0;0;0;0;0
fs/xfs/scrub/btree.c;3091;0;0;0;0;0;0;0;0
fs/xfs/scrub/common.c;2802;0;0;0;0;0;0;0;0
fs/xfs/scrub/dabtree.c;2643;0;0;0;0;0;0;0;0
fs/xfs/scrub/dir.c;3847;0;0;0;0;0;0;0;0
fs/xfs/scrub/ialloc.c;2299;0;0;0;0;0;0;0;0
fs/xfs/scrub/inode.c;2377;0;0;0;0;0;0;0;0
fs/xfs/scrub/parent.c;1105;0;0;0;0;0;0;0;0
fs/xfs/scrub/quota.c;1117;0;0;0;0;0;0;0;0
fs/xfs/scrub/refcount.c;1866;0;0;0;0;0;0;0;0
fs/xfs/scrub/repair.c;3286;0;0;0;0;0;0;0;0
fs/xfs/scrub/rmap.c;1065;0;0;0;0;0;0;0;0
fs/xfs/scrub/rtbitmap.c;578;0;0;0;0;0;0;0;0
fs/xfs/scrub/scrub.c;1838;0;0;0;0;0;0;0;0
fs/xfs/scrub/symlink.c;282;0;0;0;0;0;0;0;0
fs/xfs/scrub/trace.c;151;0;0;0;0;0;0;0;0
fs/xfs/xfs_acl.c;1036;0;0;0;0;0;0;0;0
fs/xfs/xfs_aops.c;3656;0;0;0;0;0;0;0;0
fs/xfs/xfs_attr_inactive.c;1526;0;0;0;0;0;0;0;0
fs/xfs/xfs_attr_list.c;2896;0;0;0;0;0;0;0;0
fs/xfs/xfs_bmap_item.c;1554;0;0;0;0;0;0;0;0
fs/xfs/xfs_bmap_util.c;7489;0;0;0;0;0;0;0;0
fs/xfs/xfs_buf.c;7570;0;0;0;0;0;0;0;0
fs/xfs/xfs_buf_item.c;3788;0;0;0;0;0;0;0;0
fs/xfs/xfs_dir2_readdir.c;2132;0;0;0;0;0;0;0;0
fs/xfs/xfs_discard.c;780;0;0;0;0;0;0;0;0
fs/xfs/xfs_dquot.c;4530;0;0;0;0;0;0;0;0
fs/xfs/xfs_dquot_item.c;1337;0;0;0;0;0;0;0;0
fs/xfs/xfs_error.c;1632;0;0;0;0;0;0;0;0
fs/xfs/xfs_export.c;892;0;0;0;0;0;0;0;0
fs/xfs/xfs_extent_busy.c;1876;0;0;0;0;0;0;0;0
fs/xfs/xfs_extfree_item.c;1802;0;0;0;0;0;0;0;0
fs/xfs/xfs_file.c;4633;0;0;0;0;0;0;0;0
fs/xfs/xfs_filestream.c;1392;0;0;0;0;0;0;0;0
fs/xfs/xfs_fsmap.c;4314;0;0;0;0;0;0;0;0
fs/xfs/xfs_fsops.c;1964;0;0;0;0;0;0;0;0
fs/xfs/xfs_globals.c;177;0;0;0;0;0;0;0;0
fs/xfs/xfs_icache.c;5992;0;0;0;0;0;0;0;0
fs/xfs/xfs_icreate_item.c;506;0;0;0;0;0;0;0;0
fs/xfs/xfs_inode.c;12665;0;0;0;0;0;0;0;0
fs/xfs/xfs_inode_item.c;3414;0;0;0;0;0;0;0;0
fs/xfs/xfs_ioctl.c;9241;0;0;0;0;0;0;0;0
fs/xfs/xfs_ioctl32.c;3371;0;0;0;0;0;0;0;0
fs/xfs/xfs_iomap.c;4676;0;0;0;0;0;0;0;0
fs/xfs/xfs_iops.c;5224;0;0;0;0;0;0;0;0
fs/xfs/xfs_itable.c;2566;0;0;0;0;0;0;0;0
fs/xfs/xfs_log.c;13907;0;0;0;0;0;0;0;0
fs/xfs/xfs_log_cil.c;3484;0;0;0;0;0;0;0;0
fs/xfs/xfs_log_recover.c;20410;0;0;0;0;0;0;0;0
fs/xfs/xfs_message.c;450;0;0;0;0;0;0;0;0
fs/xfs/xfs_mount.c;4722;0;0;0;0;0;0;0;0
fs/xfs/xfs_mru_cache.c;1482;0;0;0;0;0;0;0;0
fs/xfs/xfs_pnfs.c;1100;0;0;0;0;0;0;0;0
fs/xfs/xfs_qm.c;7343;0;0;0;0;0;0;0;0
fs/xfs/xfs_qm_bhv.c;503;0;0;0;0;0;0;0;0
fs/xfs/xfs_qm_syscalls.c;3053;0;0;0;0;0;0;0;0
fs/xfs/xfs_quotaops.c;1285;0;0;0;0;0;0;0;0
fs/xfs/xfs_refcount_item.c;1561;0;0;0;0;0;0;0;0
fs/xfs/xfs_reflink.c;5555;0;0;0;0;0;0;0;0
fs/xfs/xfs_rmap_item.c;1541;0;0;0;0;0;0;0;0
fs/xfs/xfs_rtalloc.c;4502;0;0;0;0;0;0;0;0
fs/xfs/xfs_stats.c;830;0;0;0;0;0;0;0;0
fs/xfs/xfs_super.c;8565;0;0;0;0;0;0;0;0
fs/xfs/xfs_symlink.c;2072;0;0;0;0;0;0;0;0
fs/xfs/xfs_sysctl.c;1116;0;0;0;0;0;0;0;0
fs/xfs/xfs_sysfs.c;2495;0;0;0;0;0;0;0;0
fs/xfs/xfs_trace.c;68;0;0;0;0;0;0;0;0
fs/xfs/xfs_trans.c;4078;0;0;0;0;0;0;0;0
fs/xfs/xfs_trans_ail.c;2513;0;0;0;0;0;0;0;0
fs/xfs/xfs_trans_bmap.c;813;0;0;0;0;0;0;0;0
fs/xfs/xfs_trans_buf.c;2545;0;0;0;0;0;0;0;0
fs/xfs/xfs_trans_dquot.c;3266;0;0;0;0;0;0;0;0
fs/xfs/xfs_trans_extfree.c;1066;0.254735555772023;0.32016225612762;0.46038333098369;0.181825600898014;0.386895876844411;0.546642830161882;0.220154929350596;0.654367155282656
fs/xfs/xfs_trans_inode.c;399;0.243007618973699;0.308967018418128;0.45032976232376;0.169504036936513;0.376243979067349;0.537293288681012;0.208145439790391;0.645901762798383
fs/xfs/xfs_trans_refcount.c;802;0.250414209935712;0.316141381328128;0.457006419146061;0.177169417302557;0.383181475091832;0.543662335018634;0.21567477256068;0.651882504283157
fs/xfs/xfs_trans_rmap.c;914;0.252616924656362;0.318319899583668;0.459133080066185;0.179399095986997;0.385335313549727;0.545756513080385;0.21789027608034;0.653934437370741
fs/xfs/xfs_xattr.c;911;0.252763124711182;0.318524114968889;0.459461632640088;0.179480645140908;0.385598703141101;0.546161310208374;0.218005812714012;0.654433748583147
